GEOID,ct_x,ct_y
USA,-95,37.1
31039,-96.78741627,41.9163902
53069,-123.433483,46.29116736
35011,-104.4119464,34.34241356
31109,-96.68776239,40.78416516
31129,-98.0471728,40.17637838
72085,-65.8693154,18.18756716
46099,-96.79144031,43.67417021
48327,-99.82064027,30.88977682
6091,-120.5160102,39.58038051
21053,-85.1360216,36.72747658
39063,-83.66653261,41.00193644
48189,-101.8268733,34.07050721
1027,-85.8605432,33.26908388
48011,-101.3574011,34.9649227
39003,-84.10575231,40.7715168
13189,-82.48138294,33.48286763
55111,-89.94823414,43.4266556
5137,-92.15669793,35.85982472
41063,-117.1810289,45.57985214
42007,-80.34930681,40.68225951
28061,-89.11886913,32.01908505
29083,-93.79275764,38.38515599
8109,-106.2815412,38.08054391
37037,-79.25526965,35.70258021
49033,-111.2445015,41.63223115
40001,-94.65869232,35.88392125
39085,-81.25094152,41.91035084
51121,-80.38719837,37.17430771
47065,-85.1647524,35.18087413
35035,-105.7414447,32.6131388
35003,-108.4047622,33.91535284
1091,-87.78950126,32.24762179
56023,-110.6559531,42.26379358
29011,-94.34710188,37.5022954
48057,-96.6150755,28.43910362
51735,-76.27045937,37.15029383
54075,-80.00775803,38.33173381
48077,-98.20849208,33.78552431
51095,-76.77376873,37.31332155
31101,-101.6613586,41.19879048
31137,-99.4145435,40.51111037
22019,-93.35797411,30.22923643
22111,-92.37484324,32.83191198
40135,-94.75527046,35.49536198
1049,-85.80413818,34.4597704
36101,-77.38378827,42.26780908
42053,-79.23601446,41.51308438
22105,-90.40566495,30.62663173
51179,-77.45740701,38.42071409
26109,-87.50971135,45.52511974
18073,-87.1161243,41.02299769
13025,-81.98195811,31.19692376
13171,-84.13943542,33.07653927
18151,-85.000771,41.64387968
48361,-93.89387029,30.12128144
39047,-83.45608793,39.55986988
25015,-72.66377741,42.34016063
21003,-86.1904129,36.75132267
37001,-79.39942254,36.04370095
20073,-96.23265068,37.8777738
25025,-70.98556308,42.34865579
16051,-112.3112901,43.82012405
48177,-97.49253909,29.45674599
47115,-85.6219936,35.12935133
26007,-83.16519389,45.03110666
21231,-84.82858334,36.80125706
47185,-85.45520339,35.92635525
48147,-96.10682236,33.59380265
20043,-95.14680224,39.78807221
48265,-99.35014913,30.0614822
12053,-82.46842819,28.55616144
12129,-84.37562072,30.14777878
12131,-86.17155108,30.6184824
28017,-88.94787851,33.9207893
2130,-131.0464318,55.46086616
26035,-84.84787068,43.98788569
20157,-97.65062918,39.8277889
12127,-81.14855636,29.06344255
40017,-97.98239433,35.54245561
72115,-66.92622623,18.46294141
78030,-64.96711153,18.32862545
13115,-85.2142356,34.26320688
32001,-118.3357421,39.58087345
31181,-98.49994211,40.1764246
17067,-91.16467606,40.4037718
46067,-97.75442398,43.33483347
41013,-120.3565773,44.14217826
50011,-72.91203229,44.85751732
26103,-87.57352363,46.6628751
9007,-72.52309756,41.43537718
37057,-80.2127491,35.79337172
17025,-88.49024154,38.75418506
29103,-92.14807371,40.12824606
29117,-93.54827681,39.78209886
42117,-77.25427109,41.77215169
31043,-96.56450963,42.39112591
26089,-86.03849927,45.15176756
51181,-76.88835219,37.11688034
48391,-97.1594579,28.32163488
39017,-84.5756368,39.43859289
13273,-84.43695712,31.77689112
13063,-84.35762547,33.54189092
56013,-108.630437,43.04052886
18115,-84.96509916,38.95013891
13073,-82.26403055,33.54410868
8115,-102.3517915,40.87590568
30065,-108.3981405,46.49653208
42043,-76.77948478,40.41541974
46101,-96.67093041,44.02200289
54079,-81.90897227,38.508626
34037,-74.69077472,41.13927608
20039,-100.4598947,39.78474695
18123,-86.63797228,38.0796821
28145,-89.00386611,34.49047859
31015,-98.76646397,42.89970777
27095,-93.63007531,45.93803402
38099,-97.72138953,48.36945956
39115,-81.85265964,39.62035728
39133,-81.19739106,41.16767967
56041,-110.54758,41.28748349
32013,-118.1119659,41.40684346
48247,-98.69729854,27.04340935
8017,-102.6033959,38.82794357
41005,-122.2208109,45.18803571
5113,-94.22807289,34.48585195
13193,-84.04248899,32.35837131
18007,-87.31091181,40.60625155
47129,-84.6492328,36.1350421
46043,-98.36606405,43.38691336
24047,-75.2966992,38.21649345
17185,-87.84439606,38.44609262
18069,-85.48815923,40.82921508
21209,-84.5840233,38.29144587
19053,-93.78628818,40.73767948
18169,-85.7940054,40.8456746
18003,-85.06655565,41.09087442
18099,-86.26178363,41.32485434
31171,-100.5558432,41.91349973
38085,-101.0404766,46.11262579
48127,-99.75671977,28.42253472
27045,-92.09016831,43.67398085
45023,-81.15953161,34.69203851
27073,-96.17353922,44.99546849
49005,-111.7436438,41.72241459
55093,-92.42250231,44.71963138
13049,-82.13762127,30.78176634
13233,-85.18816179,34.0017877
17113,-88.84731863,40.49088905
23001,-70.20640752,44.16588012
16055,-116.7017585,47.67434904
32003,-115.0135714,36.21519525
20147,-99.34700187,39.78458412
31089,-98.78384298,42.45571938
29101,-93.8063696,38.74407994
55063,-91.1152184,43.90653059
22021,-92.11665133,32.09225688
21061,-86.23863327,37.20881357
17005,-89.43553884,38.88683275
17009,-90.75027879,39.96183138
27085,-94.27241349,44.82354042
55033,-91.89641955,44.9465765
8027,-105.3674458,38.10868041
29123,-90.34500893,37.47810485
48353,-100.4060478,32.30349287
42127,-75.3032528,41.64869046
36091,-73.86389137,43.10738611
48041,-96.30237015,30.66078925
40095,-96.76912018,34.02449736
24001,-78.69747174,39.62150121
54103,-80.63914735,39.60523029
55053,-90.80518678,44.31912986
41007,-123.7169538,46.01752028
53041,-122.3926294,46.57776923
36003,-78.02756272,42.25740517
19031,-91.13241429,41.77232223
18117,-86.49507194,38.54177481
13089,-84.22645742,33.77158846
13227,-84.46565645,34.4643402
30015,-110.4351979,47.88056964
31017,-99.92948952,42.4300282
47013,-84.14940709,36.40354447
37069,-78.28570057,36.08279897
24510,-76.61065221,39.30097583
20111,-96.15263571,38.45618322
19027,-94.86057817,42.03621678
22107,-91.34001947,32.00169583
47123,-84.25279471,35.44267166
20075,-101.7912641,37.99913177
19151,-94.67872431,42.73412743
16045,-116.3974984,44.06155943
5063,-91.5697092,35.74158338
5085,-91.88867707,34.7542516
18111,-87.39753964,40.95584771
13119,-83.22919168,34.37545181
12051,-81.16590252,26.55347999
13265,-82.87875954,33.56611593
48245,-94.15347652,29.85375047
30059,-110.8856959,46.59821486
8067,-107.8432891,37.28657952
48027,-97.47822155,31.03766529
28069,-88.64117126,32.75455544
5019,-93.17637437,34.05100539
41035,-121.6501213,42.68639846
36075,-76.20869293,43.46386551
72105,-66.25257604,18.28851489
1019,-85.60379782,34.17592906
48019,-99.24622854,29.74719299
30087,-106.7307311,46.22965397
35059,-103.4709645,36.48165666
26153,-86.17728756,46.0424886
36111,-74.25854877,41.88815708
34007,-74.95972027,39.80357238
17083,-90.356681,39.08566195
51085,-77.49116109,37.7601232
20199,-101.7635695,38.91665096
26003,-86.57216486,46.94827161
5049,-91.81822048,36.38167529
48215,-98.18106589,26.39673113
37155,-79.10389796,34.64026938
26123,-85.80092387,43.55417093
41049,-119.584267,45.41899427
27153,-94.89758693,46.07064597
5083,-93.71630214,35.21528663
37109,-81.22354102,35.48558732
5091,-93.89156027,33.31211532
12095,-81.32339746,28.51439228
8111,-107.6761296,37.76408162
16041,-111.8132532,42.18104
13045,-85.07973534,33.58280176
20161,-96.73524461,39.2965671
48413,-100.538547,30.89744399
51167,-82.09536406,36.93388745
37027,-81.54643688,35.95300926
16065,-111.6592021,43.78412302
18173,-87.27206399,38.09216779
21001,-85.28064925,37.10415477
21077,-84.85930018,38.75685189
21097,-84.33144669,38.44174921
23023,-69.83932387,43.91172386
30097,-109.9410094,45.81387225
48181,-96.67770864,33.62677736
42059,-80.22292224,39.85380558
2188,-160.0069766,67.00817047
20051,-99.31722894,38.91475597
1065,-87.62910872,32.76271378
1105,-87.29438683,32.63846738
1033,-87.80497572,34.70040986
20151,-98.73959568,37.64773415
21017,-84.21715602,38.20670642
47149,-86.41674424,35.84273051
13075,-83.43049129,31.15401805
20101,-100.466393,38.48129579
40059,-99.66734137,36.78873265
17147,-88.59110997,40.01036088
48107,-101.2999581,33.61462425
72053,-65.60651918,18.36223705
1063,-87.95221741,32.85308532
16033,-112.351308,44.28387716
19109,-94.20671489,43.20411975
72151,-65.86338485,18.05607529
38013,-102.5182263,48.79099136
37063,-78.87658078,36.03603059
19085,-95.81690596,41.68283138
31103,-99.71236185,42.87881424
19187,-94.18175192,42.42793938
17151,-88.56157016,37.41267714
47159,-85.95668777,36.25060052
51089,-79.87394016,36.68279255
51510,-77.08610985,38.81841753
19101,-91.94888004,41.03174822
30049,-112.3904454,47.12242101
49013,-110.4251814,40.29827131
40003,-98.32401534,36.73097241
48119,-95.67215673,33.3863391
47169,-86.15675646,36.39209491
21193,-83.22143633,37.24428225
46039,-96.66796549,44.76005662
41029,-122.7285111,42.43216167
72067,-67.11393745,18.13416504
48507,-99.76059426,28.86622024
31007,-103.7104894,41.54596985
19121,-94.01554624,41.33071884
12011,-80.45588907,26.15185341
13279,-82.33133177,32.12165883
26151,-82.64574834,43.44331419
48397,-96.40778013,32.89776105
26163,-83.2611063,42.28473435
27105,-95.75337997,43.67424499
27001,-93.41544034,46.60824944
38071,-98.72016266,48.26891945
37145,-78.97181258,36.39009509
20195,-99.87274091,38.91431536
28151,-90.94744837,33.28373448
48133,-98.83233019,32.32706847
28055,-90.98916253,32.74135226
48123,-97.35674898,29.08208706
48005,-94.61190254,31.25470181
45081,-81.7268714,34.00610214
29125,-91.92490035,38.16162429
5001,-91.37489649,34.29079015
29109,-93.83294268,37.10635754
17011,-89.52868279,41.40414305
39145,-82.99283769,38.80394432
37115,-82.70569858,35.85801487
16053,-114.2639762,42.68989264
39163,-82.48535644,39.2509934
48309,-97.20180148,31.55236261
16037,-114.2817648,44.24114172
19089,-92.31717284,43.35676347
12099,-80.4365209,26.64756546
13181,-82.45118795,33.79360465
1013,-86.68027758,31.75245118
47165,-86.46036129,36.46939311
51097,-76.89517753,37.71853399
5015,-93.53828215,36.34105307
2220,-135.3049647,57.17977411
41051,-122.4148514,45.54679501
47061,-85.72257119,35.38835006
27057,-94.91662605,47.10864755
38081,-97.6307462,46.10793323
36089,-75.06894054,44.49639882
29179,-90.96907959,37.36230773
6067,-121.3442217,38.44932497
39125,-84.58019058,41.11661902
18179,-85.22122064,40.72919321
51063,-80.3625175,36.93154764
6083,-120.030749,34.53843026
54005,-81.71118909,38.02292753
28009,-89.18845911,34.81728061
21055,-88.09744651,37.3526269
19147,-94.67812963,43.08205232
19159,-94.24399434,40.73518809
37151,-79.80601693,35.71033904
24015,-75.94808271,39.5623984
18171,-87.35335756,40.34690339
31077,-98.52123669,41.56744261
31095,-97.14272823,40.17575817
31151,-97.14091057,40.52405764
21119,-82.95409757,37.35400569
19045,-90.53195568,41.89804537
27063,-95.15408477,43.67416499
27039,-92.86206804,44.02256112
27047,-93.34881669,43.67384225
6009,-120.5541587,38.20461045
25001,-70.23814499,41.77346885
51119,-76.50594734,37.62272609
42065,-78.9994276,41.12816479
18089,-87.3763869,41.47220623
47003,-86.45891959,35.51386129
47027,-85.5438499,36.55111657
17029,-88.22178053,39.52027937
47097,-89.6314447,35.76103123
41001,-117.6753786,44.70917138
36097,-76.87520389,42.39379776
26159,-86.30641732,42.28509956
17131,-90.74144613,41.2053292
21127,-82.73474914,38.06784745
21175,-83.25892076,37.92232098
21177,-87.14206645,37.21579102
17049,-88.58986743,39.05976079
47105,-84.31176843,35.73477577
46025,-97.72950284,44.85824997
15003,-164.7367636,23.71864375
12041,-82.80033252,29.72583241
18157,-86.89411585,40.38861437
42109,-77.070151,40.76984363
48277,-95.57124542,33.6673077
12086,-80.49867386,25.60899893
31057,-101.6879654,40.17621734
48289,-95.99559929,31.29654381
8097,-106.9165975,39.21709974
38035,-97.45693333,47.92192082
18091,-86.74237472,41.54901695
18057,-86.05202848,40.0724956
40081,-96.8809273,35.70298782
20071,-101.8059803,38.48053168
13145,-84.90893037,32.73600048
13251,-81.61188285,32.75061011
72127,-66.06833232,18.422155
48433,-100.2533028,33.17912326
39069,-84.0682358,41.3338562
33009,-71.82072839,43.94068865
29145,-94.33925177,36.90549797
18129,-87.86848304,38.02184473
48311,-98.56784611,28.35268301
17035,-88.24022834,39.27330362
13297,-83.73382731,33.78157444
27121,-95.44446501,45.58601129
51157,-78.15919154,38.6848318
51009,-79.14516958,37.60481692
6111,-119.1259873,34.3576018
17033,-87.75961543,39.00267968
8093,-105.7171724,39.11929823
6037,-118.2609829,34.1980898
4027,-113.9055787,32.76939454
13129,-84.87569509,34.50337777
19025,-94.64041548,42.38517112
12055,-81.34099222,27.34337746
50017,-72.37688931,44.00564605
20113,-97.64808772,38.39166341
4021,-111.3447083,32.90435992
39051,-84.13008204,41.60177869
8003,-105.7883034,37.57288645
12017,-82.52013616,28.84761596
72049,-65.30083507,18.32333623
72051,-66.26201192,18.4719682
47041,-85.83282882,35.97991008
42031,-79.42101084,41.19241695
46097,-97.610233,44.02194458
46073,-98.6297145,44.0663236
18031,-85.50112875,39.30699876
18037,-86.87981431,38.3642923
51057,-76.94084454,37.93903841
45089,-79.72765965,33.61992025
36031,-73.77273132,44.1172063
19195,-93.26083371,43.37740166
40063,-96.25024229,35.04833746
51027,-82.0359601,37.26668069
51005,-80.00610014,37.78777694
28087,-88.44326492,33.47290995
18143,-85.74750203,38.68510469
8099,-102.393346,37.95518638
48435,-100.5382034,30.49828115
72121,-66.94331745,18.0836018
40101,-95.37951637,35.61608496
29043,-93.18882729,36.96956421
72039,-66.51640313,18.28905568
28073,-89.5087001,31.20586349
18137,-85.26237536,39.10346252
38057,-101.8315325,47.30922807
13147,-82.96422983,34.35093269
22049,-92.55774787,32.30203858
51133,-76.37950677,37.85468569
48157,-95.77092468,29.52750733
55047,-89.0448774,43.80038043
30073,-112.226632,48.22795251
55127,-88.54191007,42.66848515
32021,-118.4352132,38.53880939
17057,-90.20745302,40.47277338
36103,-72.68523557,40.94045986
18161,-84.92515432,39.62554011
29119,-94.34835942,36.62866297
31157,-103.7079408,41.85060416
35047,-104.8159907,35.48061411
1081,-85.35556214,32.60112972
48367,-97.80510639,32.77765276
38021,-98.5046985,46.11011327
38003,-98.07156701,46.93610038
27143,-94.23217248,44.57948383
13293,-84.29932933,32.88134059
6097,-122.922549,38.52527999
26033,-84.52937364,46.32816964
16019,-111.6147504,43.38774146
13013,-83.71277263,33.9931909
13183,-81.74584835,31.75254712
48271,-100.4179545,29.3502057
40115,-94.81043986,36.83550394
42033,-78.47406952,41.00018565
26037,-84.60152204,42.94364942
72133,-66.38675946,17.95303021
17135,-89.47889277,39.23104288
28003,-88.58025266,34.88077382
28071,-89.48493544,34.35670793
22043,-92.55950405,31.59966393
29005,-95.4280801,40.43085283
17115,-88.96159766,39.85997807
26149,-85.52774468,41.91442403
17055,-88.92414195,37.99229317
30033,-106.9928742,47.27761079
31001,-98.50118908,40.52445078
27109,-92.40177817,44.00374755
34039,-74.30813512,40.65987776
72139,-65.99888576,18.33611942
1097,-88.19752756,30.68517764
46087,-97.36845632,43.67430247
1057,-87.73884412,33.72119287
1017,-85.39201474,32.91434737
37131,-77.39691229,36.41770082
8081,-108.2072936,40.61841743
21087,-85.55312846,37.264097
18047,-85.06025101,39.41487194
37013,-76.84521985,35.4869668
72073,-66.58831132,18.21073307
38015,-100.4687187,46.97740378
37159,-80.52475978,35.6394776
26071,-88.53052634,46.20865999
27067,-95.0047407,45.15237389
21237,-83.49324457,37.73935081
48149,-96.9197609,29.87679388
46081,-103.7922337,44.35863307
23029,-67.60907104,44.96947572
48045,-101.2086023,34.53026045
26131,-89.43473563,47.0221861
28015,-89.92017543,33.44849493
41003,-123.4292247,44.49181287
27133,-96.25320115,43.6746152
42063,-79.08753427,40.65206362
22061,-92.66475862,32.60164643
42099,-77.26235451,40.39837213
46137,-101.6658748,44.98042314
48203,-94.37148676,32.54813807
26013,-88.3521912,46.69969551
40131,-95.60435147,36.37158452
29019,-92.30965277,38.99059442
72097,-67.60509863,18.18309749
40015,-98.37514173,35.17436695
8059,-105.2504776,39.58648734
54011,-82.2417227,38.42025173
48383,-101.5230081,31.36618892
5141,-92.515689,35.58063604
8117,-106.1163752,39.63421444
20035,-96.83747923,37.23774808
5071,-93.45988981,35.57008004
36041,-74.49735424,43.66110318
51045,-80.21139882,37.48168786
48083,-99.45364548,31.77317069
2290,-151.3896063,65.50864956
4017,-110.3214049,35.3995455
28085,-90.45398446,31.53238496
48357,-100.815649,36.27840033
48103,-102.5155358,31.42848465
56003,-107.9952038,44.52671246
47081,-87.4733332,35.80330027
28143,-90.3754919,34.65195396
29081,-93.99206443,40.3546594
72029,-65.88794864,18.32910349
18005,-85.89761473,39.20592729
13223,-84.86729063,33.92055346
39015,-83.86742057,38.9340549
47141,-85.49507574,36.14089935
38101,-101.5418097,48.2217268
25027,-71.90772247,42.35137277
39091,-83.76588796,40.38845312
6031,-119.8154639,36.07536683
6073,-116.7702048,33.02819788
72123,-66.26197451,17.97297643
13079,-83.98630531,32.71453218
72103,-65.73607787,18.21107106
29037,-94.35480569,38.64698008
36027,-73.74286275,41.7651418
48477,-96.40338686,30.21453073
8101,-104.5128521,38.17342744
29067,-92.49878922,36.93259148
38009,-100.8333293,48.79215448
37051,-78.82751577,35.04862264
56017,-108.442115,43.71893811
26001,-83.12900478,44.68362165
6061,-120.7176551,39.06341154
5129,-92.69949369,35.91089925
48305,-101.8161281,33.17682571
36077,-75.03254054,42.63378029
37153,-79.74778848,35.0060689
37093,-79.2373244,35.0174906
31131,-96.13475808,40.64850739
42023,-78.20378724,41.43680757
45035,-80.40557175,33.07950205
27161,-93.58726044,44.02211224
46015,-99.08093811,43.71804104
47177,-85.77844416,35.67868358
17023,-87.78771912,39.33354982
21201,-84.05191976,38.51900456
47095,-89.49340693,36.33547152
45015,-79.95104067,33.19772008
5051,-93.15043223,34.57669644
20139,-95.72694167,38.65233291
39155,-80.7611651,41.31718542
48333,-98.59545002,31.49518871
48359,-102.6028704,35.40503805
42019,-79.91299992,40.9117145
16049,-115.4675301,45.84419723
20115,-97.09689918,38.35887334
51029,-78.52867954,37.57219996
37025,-80.55182562,35.3867881
29225,-92.87588146,37.28089883
49011,-112.1112692,40.99007866
27033,-95.18114017,44.0070955
12093,-80.88864282,27.38630204
13291,-83.99079353,34.83400021
19013,-92.3088365,42.47008614
48403,-93.85176133,31.34325047
39131,-83.06685613,39.0773643
1125,-87.52503321,33.28954029
1131,-87.30821233,31.98919668
28097,-89.61642277,33.49409919
31099,-98.94801053,40.50669908
31087,-101.0422771,40.1763407
10003,-75.6389749,39.57824093
16081,-111.2076097,43.75943799
17161,-90.56726648,41.46741754
51073,-76.52298345,37.40124056
5133,-94.24115777,33.99717055
18017,-86.34593458,40.76148406
16077,-112.8406748,42.69364696
18015,-86.56348959,40.58286727
42101,-75.13397558,40.00762243
56043,-107.6828532,43.9049938
37029,-76.16095804,36.34111908
36109,-76.47366034,42.45200424
5069,-91.93150751,34.26878065
5079,-91.73332449,33.95744744
55123,-90.83439663,43.59385467
29093,-90.77349124,37.55516007
48223,-95.56396642,33.14957754
36001,-73.97354742,42.60018551
48225,-95.4226699,31.31771647
39111,-81.08291697,39.72734493
20165,-99.30923888,38.52316512
18107,-86.89332044,40.04037563
20187,-101.7841548,37.56305267
21129,-83.71623397,37.59476843
27071,-93.78337036,48.24526203
48029,-98.52002471,29.44897595
8013,-105.3577441,40.09244814
47089,-83.44624589,36.05099239
40097,-95.23084492,36.30187598
27165,-94.61404334,43.97841194
16013,-113.9801455,43.41194883
22053,-92.814153,30.26776239
46119,-100.1321761,44.71556633
8031,-104.8759113,39.76188092
40029,-96.29784248,34.58817403
30011,-104.5361556,45.51674456
48461,-102.0430375,31.36872743
18051,-87.58463052,38.3117906
31105,-103.7149483,41.1976439
17093,-88.42885264,41.59053948
11001,-77.01631774,38.90473012
8085,-108.2694536,38.40215412
27171,-93.9630467,45.17394078
55059,-87.65312696,42.57849806
8037,-106.6952798,39.62783084
6075,-122.6939455,37.75971877
8113,-108.4059207,38.00375183
2020,-149.1885744,61.14826006
12109,-81.40988265,29.91217213
28019,-89.2484012,33.34732673
29079,-93.56533118,40.11393406
26085,-85.80164316,43.99008156
26139,-86.42186651,42.94853852
17031,-87.64616131,41.89541603
17059,-88.23053007,37.76272718
45047,-82.12587257,34.15384622
20059,-95.2859826,38.56451333
27027,-96.49061743,46.89228817
47075,-89.28383463,35.58321967
49003,-113.0820507,41.52101156
28139,-88.90890454,34.76837883
54051,-80.66337827,39.86059871
54035,-81.67478081,38.83446048
16039,-115.4692708,43.35386068
24005,-76.61634781,39.44304516
38005,-99.36605974,48.06936756
29163,-91.17135929,39.34384315
39087,-82.5367423,38.59848715
29201,-89.56854866,37.053003
39001,-83.4721735,38.84552788
48143,-98.21797194,32.2362608
13137,-83.53114973,34.63098185
13319,-83.1711939,32.8023995
54061,-80.04653644,39.63027586
39033,-82.91976384,40.85077125
12027,-81.80929142,27.18632965
9011,-72.10656884,41.4668127
39059,-81.49423879,40.05204311
26015,-85.30895142,42.59501838
29209,-93.45598343,36.7469531
51760,-77.47574033,37.52948198
37169,-80.2395175,36.40190304
19039,-93.78517024,41.02901422
19065,-91.84435718,42.86261351
6041,-122.7487991,38.05516587
48381,-101.8969462,34.96583899
48401,-94.76186557,32.10772309
19181,-93.56134571,41.33435026
39161,-84.5860904,40.85538465
12043,-81.18900893,26.95644946
13199,-84.68830312,33.0406184
8023,-105.4282137,37.27794992
48099,-97.79921275,31.39091334
19001,-94.47095331,41.33071715
13053,-84.78702341,32.34698297
6043,-119.9054938,37.58149027
29089,-92.69625226,39.14249287
41047,-122.5849945,44.903359
55079,-87.58054264,43.0154559
27139,-93.5359448,44.6484669
39129,-83.02436685,39.64192351
51145,-77.91514026,37.55019931
8014,-105.0525162,39.95420829
47099,-87.39558742,35.21729477
26009,-85.17579841,45.00738596
45069,-79.67869292,34.60205773
16009,-116.6586309,47.21750836
17103,-89.30041512,41.74617985
31127,-95.84982722,40.38763051
37031,-76.53568759,34.86127507
20149,-96.34238225,39.37895959
26075,-84.42344229,42.2484783
48091,-98.27825127,29.80818896
25019,-70.12813415,41.30123781
45009,-81.054208,33.21471559
48007,-96.99142998,28.08470517
13019,-83.22957086,31.27601935
18165,-87.46399473,39.85378697
26143,-84.61159714,44.33560818
37005,-81.12783575,36.49126106
6035,-120.5943338,40.67359604
12081,-82.35755166,27.47753793
39119,-81.94436108,39.96539762
8015,-106.1941002,38.7469472
8025,-103.7848313,38.32664559
8043,-105.4397053,38.4729919
28109,-89.5898142,30.76862841
28111,-88.99232028,31.17201999
31041,-99.72615844,41.39426273
12013,-85.19719403,30.40605751
21117,-84.53331835,38.93343224
19037,-92.31766658,43.06003513
17037,-88.77030691,41.89352098
19081,-93.73426978,43.08190226
38089,-102.6551433,46.81067248
26095,-85.56411489,46.71400884
40019,-97.28577521,34.25085819
37139,-76.24923088,36.26500976
35055,-105.6310504,36.57814866
28011,-90.88038768,33.79556919
32023,-116.4719359,38.04237977
47073,-82.94479028,36.44110198
38011,-103.5207107,46.11261135
42057,-78.11267869,39.92530125
22055,-92.06393553,30.20682387
48237,-98.17245173,33.23347241
17175,-89.79751576,41.09336136
40055,-99.56078707,34.93569608
48211,-100.2704768,35.83755462
16069,-116.7502829,46.32685066
46129,-100.0315494,45.42993415
6055,-122.3305467,38.50641255
40033,-98.37225237,34.29022851
29221,-90.87740931,37.96169207
36011,-76.57436842,43.01032397
48417,-99.3540631,32.73597638
48407,-95.16693176,30.57948189
19061,-90.88254249,42.46879816
51075,-77.91579959,37.72164467
20181,-101.71998,39.35142189
39139,-82.53652685,40.77469644
17001,-91.18849531,39.98791394
39021,-83.76947877,40.13768498
33019,-72.22225553,43.36124618
17075,-87.82429941,40.74722083
19157,-92.53147124,41.68644685
39169,-81.88804895,40.8288638
13113,-84.49421139,33.41398025
13141,-83.00069989,33.27042685
48259,-98.71155561,29.94471149
36039,-74.12277602,42.27652894
51137,-78.01363094,38.24624294
40089,-94.77132292,34.1153385
13277,-83.5265884,31.45744037
31025,-96.14089834,40.90972813
46077,-97.49147782,44.36958038
56009,-105.5070722,42.97231794
36043,-74.96249781,43.41970912
38047,-99.47748735,46.45734438
26053,-89.79548937,46.49548343
27005,-95.67391677,46.93463483
1095,-86.3066588,34.366962
47173,-83.83749812,36.28785528
54057,-78.94378319,39.4146761
55003,-90.56450767,46.7007297
17053,-88.22325243,40.59716722
38029,-100.2387923,46.28502795
6089,-122.0404928,40.76378471
22113,-92.3043061,29.80944424
5121,-91.02775773,36.34145039
55085,-89.52183906,45.70555287
22035,-91.23505314,32.73264556
22037,-91.04551312,30.84504327
22087,-89.3041509,29.90473385
48481,-96.22210512,29.27784218
2198,-133.1930245,55.7271706
2195,-133.0024389,57.11401498
48153,-101.3032372,34.07241726
2275,-132.1292109,56.29361731
21151,-84.2780326,37.72015078
47009,-83.92551317,35.68721559
30031,-111.1703867,45.5404228
45031,-79.95775577,34.33237191
1053,-87.16166973,31.1261131
13143,-85.21100071,33.79423308
20001,-95.30137447,37.88573251
17041,-88.21736785,39.76946442
51079,-78.46684173,38.29758605
66010,144.7694634,13.44278227
55137,-89.24290263,44.11311841
5065,-91.91342444,36.09486682
6053,-121.3088331,36.23975865
35017,-108.3824606,32.73900225
29131,-92.4284055,38.21452872
37193,-81.1633816,36.20628891
2110,-134.2119964,58.43451423
29165,-94.773533,39.38050084
29021,-94.80611478,39.65987322
1083,-86.98137775,34.81006019
18065,-85.39645068,39.93101649
31143,-97.56841114,41.1868982
39123,-83.01999192,41.5939058
27107,-96.45507882,47.32650997
19165,-95.31020572,41.68509253
24013,-77.0225264,39.56294176
19011,-92.06569825,42.0801675
21159,-82.51332414,37.80164288
27025,-92.90831806,45.50247369
21189,-83.68316957,37.41913682
42015,-76.51545849,41.7886645
54029,-80.57391745,40.52181131
29051,-92.28167649,38.50544937
26021,-86.68544306,41.9957713
42061,-77.9812531,40.41691754
31045,-103.135443,42.71971148
51141,-80.28426035,36.67834984
26119,-84.12718866,45.02753155
26135,-84.1297706,44.68175352
35007,-104.6468653,36.60613441
17163,-89.92842498,38.47030173
17189,-89.41047566,38.35218576
42009,-78.49032203,40.00655187
5127,-94.06327008,34.86076661
20099,-95.29757072,37.19131611
42073,-80.33417215,40.99124962
39067,-81.09112866,40.29383191
37003,-81.17704142,35.9210736
34009,-74.84992823,39.08517142
33005,-72.25118813,42.91931499
27089,-96.36850161,48.35811836
51101,-77.08854694,37.70666438
8055,-104.9605843,37.68470375
48255,-97.85938793,28.90575245
47023,-88.61356246,35.42175956
17171,-90.47468676,39.64413888
49027,-113.100715,39.07328157
49029,-111.573044,41.08935009
48257,-96.28781549,32.59930318
4011,-109.2402102,33.21547655
4013,-112.4913059,33.34881847
26129,-84.12640927,44.33493417
47087,-85.67321518,36.35922964
17159,-88.08515406,38.71232559
1009,-86.56743543,33.98080226
30051,-111.0245981,48.5617263
48131,-98.50890623,27.68133152
29173,-91.52204471,39.52767512
48251,-97.36633713,32.37900262
13061,-84.98013315,31.62628451
41023,-119.0073269,44.4914904
41011,-124.0933084,43.18514635
48159,-95.2184167,33.17553911
36113,-73.84594344,43.56097266
51113,-78.27917035,38.41373756
40005,-96.03781337,34.37371946
17129,-89.80206122,40.02737492
13015,-84.84048565,34.237863
12069,-81.71130492,28.76147921
40111,-95.96432416,35.64668248
38083,-100.345638,47.57540212
18049,-86.26355671,41.04697
20091,-94.82225632,38.88374889
24009,-76.5305342,38.53465833
55129,-91.7912377,45.89916754
53031,-123.5763181,47.77643692
72003,-67.18667066,18.37628691
27169,-91.77913725,43.98682232
28149,-90.85201062,32.35724257
29003,-94.80210064,39.98350775
29139,-91.47021597,38.94146099
20021,-94.84625754,37.16929055
37083,-77.65164827,36.25746473
35043,-106.8659542,35.68860179
21051,-83.7146534,37.15966646
42035,-77.63810416,41.2340555
41043,-122.534956,44.48887144
55065,-90.13172024,42.66050111
40147,-95.90438445,36.71523939
54077,-79.66816539,39.46928885
69100,145.2151603,14.1515527
55135,-88.96478803,44.47046261
48137,-100.304741,29.98262925
41037,-120.3873441,42.79345296
29153,-92.44467815,36.64930932
48473,-95.98765473,30.01083849
1099,-87.36545759,31.57081341
50009,-71.73618221,44.72795037
51111,-78.24054837,36.94622273
38097,-97.16148352,47.45413843
13139,-83.81966191,34.31689585
13283,-82.56724956,32.4038156
13037,-84.6245378,31.52918522
55125,-89.5148335,46.05289859
27007,-94.93765777,47.97378232
72043,-66.3601195,18.09726084
72055,-66.92197528,17.94637661
24019,-76.08331878,38.42262137
42037,-76.40516638,41.04863857
39023,-83.78391005,39.91677554
48323,-100.3145105,28.742601
4019,-111.7899457,32.09738599
35006,-107.9997203,34.91257307
34005,-74.66805857,39.87773605
50021,-73.03657614,43.58007606
13099,-84.90365427,31.32281597
25007,-70.69875937,41.38879669
38049,-100.6362718,48.23457089
31179,-97.11925684,42.20927867
38045,-98.53546203,46.45690126
16023,-113.1720497,43.72292873
33007,-71.30551392,44.68952722
38043,-99.78009074,46.98014841
48273,-97.66840889,27.42670481
18127,-87.07330703,41.50886002
28101,-89.11880875,32.40021699
37163,-78.37136505,34.99157078
47127,-86.35868804,35.28470373
12103,-82.73954508,27.90266538
72019,-66.30998972,18.2017855
17065,-88.53911345,38.08155942
5105,-92.93146908,34.94738104
20023,-101.7310852,39.7858386
8029,-107.8629086,38.86137334
19185,-93.32736574,40.73947671
48165,-102.6351715,32.74072032
1093,-87.88714498,34.13654765
37189,-81.69645058,36.23111174
51770,-79.95830009,37.2784199
48317,-101.9512243,32.30603215
48037,-94.42337457,33.44574025
49057,-111.9133265,41.26984051
29127,-91.62235666,39.80594884
36045,-76.05205739,43.99886367
19097,-90.57423876,42.17172987
38063,-98.19204249,47.92167308
36019,-73.67818843,44.746241
8045,-107.9039647,39.59930434
29177,-93.98988615,39.35242307
39073,-82.47923928,39.49702776
1085,-86.65006406,32.15476258
13043,-82.07358737,32.40347481
19113,-91.59895532,42.07895648
6105,-123.1126287,40.65067265
13215,-84.87709269,32.50992726
28135,-90.17321658,33.95049088
20005,-95.31339501,39.53174348
72081,-66.86681045,18.26862466
48003,-102.637814,32.30502623
39109,-84.22884526,40.05343266
48375,-101.8940113,35.40126738
40133,-96.61553574,35.16745155
45003,-81.63478002,33.54431073
60020,-169.5367123,-14.20847158
6045,-123.4315494,39.43361958
51550,-76.30240333,36.67774964
69120,145.604864,14.94652391
72153,-66.85827912,18.07944475
56037,-108.8794376,41.65949315
48169,-101.2984159,33.17987055
54031,-78.85784936,39.00746619
72001,-66.75398711,18.1797403
55089,-87.59448031,43.36564954
47163,-82.30416323,36.51291068
45059,-82.00594498,34.483606
56011,-104.5699311,44.5885775
55117,-87.63477651,43.71970668
25013,-72.63163986,42.13512374
48055,-97.62002949,29.83709613
20029,-97.64926214,39.48028519
6027,-117.4107481,36.51112127
1037,-86.24767766,32.93624437
19059,-95.1508247,43.37797679
21095,-83.21790432,36.85696486
20061,-96.75249982,39.00237252
42011,-75.92598917,40.41631197
47019,-82.12745328,36.29266987
27083,-95.83898745,44.41349982
51037,-78.66164444,37.01162934
47179,-82.49740884,36.29330433
45071,-81.6001902,34.28979201
51093,-76.70908158,36.9067589
41069,-120.0275892,44.72613414
29023,-90.40650135,36.7163789
22047,-91.34934561,30.25851195
28125,-90.81321153,32.8797153
51061,-77.80922953,38.73865098
32005,-119.6163748,38.91223856
12037,-84.8005013,29.81171235
18055,-86.96205122,39.03633905
18139,-85.46574821,39.61992908
55131,-88.23075206,43.36848666
29105,-92.59035288,37.65829408
42085,-80.25771724,41.30217665
5031,-90.63282929,35.83078142
29195,-93.20187169,39.1368084
17193,-88.17956161,38.08750694
17039,-88.90412137,40.17463188
32033,-114.9016864,39.44219455
27049,-92.72255197,44.40983499
37173,-83.49270714,35.48682277
12101,-82.43881542,28.30674081
12119,-82.08105128,28.70484275
36059,-73.58554799,40.73212938
38091,-97.72466301,47.45616923
18163,-87.58581169,38.0248789
29071,-91.07499285,38.41114908
37011,-81.92260952,36.07661014
54107,-81.51499305,39.21111263
55007,-91.18069709,46.63543152
47161,-87.838445,36.50109034
55097,-89.50138261,44.47602892
45063,-81.27223061,33.90230858
24003,-76.5676016,38.99412827
55039,-88.48827162,43.75358798
54101,-80.4218833,38.49476604
55061,-87.3072524,44.50599232
48369,-102.7845388,34.53011711
40151,-98.86511143,36.76692706
21063,-83.09750802,38.11789065
25003,-73.20642175,42.37067304
29041,-92.96261806,39.51505622
8103,-108.2172274,39.97982914
8087,-103.8098185,40.26274586
41045,-117.6231023,43.19346874
34023,-74.40881062,40.44011704
20167,-98.76235128,38.91478261
17155,-89.28584735,41.20442754
46055,-101.5399743,44.29442919
47111,-86.0072591,36.53202943
5023,-92.02670878,35.53811884
1109,-85.94089342,31.80271946
16003,-116.4539151,44.88957876
25005,-71.08849405,41.75707347
42107,-76.21594997,40.70580414
38103,-99.66094404,47.58751897
37045,-81.55554222,35.3340719
5059,-92.94600618,34.3176557
24021,-77.39796708,39.47220419
17169,-90.61504548,40.15805575
6051,-118.8866805,37.93898621
6109,-119.9547704,38.02759744
35013,-106.8327272,32.35265701
13081,-83.76810021,31.92292255
5027,-93.22731789,33.21429531
38039,-98.23704727,47.45728353
6095,-121.9400001,38.26695848
19043,-91.34146419,42.84474234
48449,-94.96570669,33.21646275
54027,-78.61418846,39.31705838
37125,-79.481333,35.31065573
20009,-98.75645311,38.47896123
38087,-103.459896,46.44722476
22083,-91.7634373,32.41778139
31071,-98.99139842,41.91436884
22099,-91.60826224,30.12902994
1119,-88.19879228,32.59100823
1133,-87.37369392,34.14922852
12117,-81.23630327,28.7169943
28035,-89.25786623,31.18885376
26065,-84.37352937,42.59708286
20177,-95.75650706,39.04151532
46061,-97.78736571,43.67482013
27061,-93.63199193,47.50951718
8073,-103.5139785,38.98805102
36053,-75.66959049,42.91267186
36115,-73.43071713,43.31365808
18081,-86.1016194,39.48995794
48445,-102.3351912,33.17381759
35021,-103.8200261,35.8579328
1121,-86.16590767,33.38003814
55067,-89.07190533,45.26234194
48155,-99.77794938,33.97458131
19021,-95.15114421,42.73548729
19129,-95.62135109,41.03346297
48385,-99.82215991,29.83174913
39041,-83.00490437,40.27840202
37067,-80.2563108,36.13062628
32510,-119.7474369,39.15114819
19049,-94.03975554,41.68485742
48065,-101.3541917,35.40350511
13261,-84.19701018,32.03997754
29223,-90.46140382,37.11262882
45007,-82.63784155,34.51913634
56007,-106.9306164,41.69458262
30093,-112.6566755,45.90244004
17177,-89.66233358,42.35174006
26087,-83.22177041,43.09015139
22027,-92.99573514,32.82265758
28161,-89.70762177,34.02820654
72093,-66.94228399,18.17206901
26079,-85.09025723,44.68467692
72005,-67.14472065,18.48031986
22039,-92.40587878,30.72892384
47069,-88.99309816,35.20685553
4003,-109.7512965,31.8795608
35023,-108.7149754,31.91416105
38023,-103.4873311,48.81488505
6071,-116.1784569,34.84144062
8083,-108.5966802,37.33843518
28023,-88.68941952,32.04142386
19125,-93.09941364,41.33444697
31055,-96.1544743,41.29534608
40057,-99.84628875,34.74411398
29039,-93.85662353,37.72386253
13059,-83.36734265,33.95120893
16085,-115.5662958,44.76665881
48275,-99.74144506,33.60610736
5103,-92.88193844,33.59341743
39037,-84.61931524,40.13322087
40071,-97.14393041,36.81800266
46041,-100.8718435,45.15660893
41057,-123.7586654,45.45667009
13077,-84.76332187,33.35346906
28127,-89.91961866,31.91320275
28131,-89.11769301,30.78995045
6013,-121.9510606,37.92338498
47017,-88.45024326,35.97316828
51087,-77.40575865,37.53800813
18119,-86.83763321,39.31283559
36119,-73.75341827,41.15148753
29017,-90.02594119,37.32218279
54047,-81.65357934,37.37850741
54033,-80.37988844,39.28351581
37077,-78.65275423,36.30405712
9009,-72.89983486,41.34880612
31139,-97.60127527,42.26434945
13023,-83.3278521,32.43443846
13033,-82.0007149,33.06112953
17181,-89.25509008,37.47122655
17091,-87.86181426,41.13769878
38051,-99.44120272,46.11176747
31141,-97.52115576,41.57127978
37185,-78.10670379,36.39651917
72009,-66.26440769,18.13123568
13197,-84.52461524,32.35335383
46027,-96.97564122,42.91458064
10005,-75.33954281,38.68331808
13159,-83.68815421,33.31643281
29175,-92.49708071,39.44016548
20015,-96.83908989,37.78128769
48209,-98.03106823,30.05814664
48325,-99.11013619,29.3556891
26105,-86.5450768,43.99606208
45013,-80.69224143,32.35713045
46135,-97.39474747,43.0089786
55105,-89.07157941,42.67121539
45077,-82.725445,34.88730293
53013,-117.9078256,46.29748398
18023,-86.47515515,40.30169713
17027,-89.42244016,38.60648699
16067,-113.6374479,42.85425529
42113,-76.51213147,41.44614606
28121,-89.94583595,32.26408471
48345,-100.7798361,34.07410156
41039,-122.8762101,43.94167573
48485,-98.70361869,33.98797778
26155,-84.14675036,42.95372881
20089,-98.21833569,39.7847169
20123,-98.20934879,39.3932421
12007,-82.16876991,29.95001043
28091,-89.82245591,31.2308153
28039,-88.64401396,30.86259723
17085,-90.21256908,42.36581753
18059,-85.7732487,39.82354077
48329,-102.0316085,31.86915484
20171,-100.9068464,38.48217168
30013,-111.3470393,47.30794032
17199,-88.92991791,37.73024186
30029,-114.0495987,48.29509077
72111,-66.72793739,18.02450323
20189,-101.3120353,37.19229435
21067,-84.45877147,38.04232652
21091,-86.77783006,37.84149024
46013,-98.35160186,45.58972291
54001,-80.00301699,39.13290735
47181,-87.78803292,35.23990805
31013,-103.0856909,42.21975165
42097,-76.70931978,40.85197604
48469,-96.97150615,28.7964096
26147,-82.66432773,42.93114738
31173,-96.54409983,42.15817157
50015,-72.64142354,44.60572444
51067,-79.88098394,36.99193953
40011,-98.43345008,35.87523615
53037,-120.6797022,47.12426709
18135,-85.01131707,40.15762559
49025,-111.8877842,37.2850936
54093,-79.56486716,39.11361782
72113,-66.60726359,18.00281465
55023,-90.9310851,43.23946888
1071,-85.99929594,34.77941312
19123,-92.64090052,41.33521338
20045,-95.29258756,38.88465196
21059,-87.08724567,37.73180756
21197,-83.82376007,37.83120413
29097,-94.34060293,37.20354849
41061,-118.0087932,45.31020811
13151,-84.15415245,33.45303976
38001,-102.5285444,46.09681798
37137,-76.669472,35.15103613
21083,-88.65118397,36.72312473
42021,-78.71369291,40.49530356
47107,-84.61742528,35.42471154
26093,-83.91152756,42.6029126
8001,-104.3378762,39.87362893
42069,-75.60918038,41.43682192
40123,-96.68444207,34.72798521
40037,-96.37095388,35.90268665
48457,-94.37659774,30.77119805
47175,-85.45268193,35.69594776
40125,-96.94830482,35.20672362
9013,-72.33650932,41.85507866
35053,-106.9303925,34.00718332
13003,-82.87994934,31.2971287
12031,-81.64802135,30.33550467
48145,-96.93583836,31.25326575
5149,-93.41121813,35.00260565
20033,-99.27188602,37.19127317
21113,-84.58092441,37.87208219
21171,-85.71656433,36.71216163
40075,-98.9809256,34.91635921
46079,-97.12938314,44.02203582
37033,-79.33352342,36.39327309
48377,-104.2405143,29.99976529
39057,-83.88986892,39.69146899
48489,-97.59181906,26.47698316
72021,-66.16834186,18.34963152
35028,-106.3074509,35.86938455
2122,-151.6980581,60.11940791
1003,-87.74984136,30.66089866
19007,-92.8686187,40.7431674
78010,-64.74791875,17.73558595
51127,-76.99744368,37.50522825
13263,-84.53299468,32.69946369
36049,-75.44878841,43.78468374
54015,-81.07509558,38.46252385
18077,-85.43857039,38.78581286
51019,-79.52419239,37.31514428
35033,-104.9455178,36.01050698
31011,-98.06725447,41.70678611
29149,-91.40329681,36.68671921
47083,-87.71705548,36.28595191
42131,-76.01653886,41.518324
37107,-77.64123538,35.23878752
18167,-87.38993435,39.43065779
18039,-85.85875104,41.5973833
51077,-81.22492726,36.65650304
48303,-101.8205508,33.61019757
27093,-94.5273043,45.1231125
39005,-82.27072837,40.8459968
31119,-97.6007673,41.91668871
12085,-80.39847621,27.08161527
8079,-106.9241085,37.66901532
13085,-84.17059525,34.44428694
13167,-82.66011559,32.70153206
5095,-91.20389803,34.67784838
29059,-93.02366082,37.68040652
51143,-79.3971106,36.82133217
2068,-150.0117165,63.67164046
20145,-99.23673462,38.18133151
20209,-94.76455081,39.11460244
12029,-83.18699851,29.58125405
26157,-83.43986145,43.49134593
2240,-143.2119957,63.87629121
20065,-99.88323737,39.34971827
22097,-92.00582939,30.59884629
47055,-87.03476595,35.2020966
39095,-83.46826657,41.68418908
5093,-90.05417973,35.76388715
72117,-67.26467817,18.33925435
18043,-85.90670745,38.31898976
20129,-101.7992399,37.19138423
21081,-84.62461673,38.64888732
21217,-85.32784826,37.36644654
37075,-83.83364989,35.35014219
54045,-81.9353974,37.83158911
54073,-81.16058994,39.37097529
51071,-80.7029521,37.31425241
54019,-81.08118659,38.02878559
53061,-121.7223066,48.04610012
35015,-104.3044604,32.47145788
31117,-101.0605356,41.56807544
31145,-100.4768744,40.17583445
31149,-99.4499138,42.42127686
47085,-87.77563935,36.04084004
17125,-89.91685198,40.23960209
51197,-81.07868645,36.9170839
13303,-82.79585812,32.96957347
53077,-120.7384658,46.45700099
5143,-94.21557737,35.97907367
48213,-95.85354486,32.21188314
55035,-91.28600908,44.72676931
47153,-85.41055862,35.37106144
48471,-95.57227621,30.73904405
4005,-111.7705263,35.8387076
20191,-97.4765321,37.23728229
26127,-86.58176981,43.64460752
27065,-93.29344289,45.94521038
39007,-80.75901492,41.89637266
6003,-119.8206392,38.59727368
48167,-94.86265365,29.37995959
1011,-85.71568589,32.10053546
17105,-88.55771131,40.89153837
39135,-84.64799962,39.74151955
39079,-82.61837172,39.01966798
48201,-95.39237174,29.85726546
25017,-71.39169645,42.48549751
72145,-66.39665964,18.45570383
48115,-101.9476925,32.74252519
36069,-77.29983464,42.8528554
2261,-144.7601424,61.41691136
1001,-86.64270325,32.53490912
20121,-94.83806158,38.56356736
13091,-83.16837366,32.17213743
36023,-76.07027935,42.59500117
13039,-81.63638318,30.92254418
26161,-83.83876823,42.25321646
18087,-85.42651133,41.64259463
48371,-102.7235904,30.78104834
13225,-83.82693373,32.56877632
13311,-83.74716518,34.64640315
13163,-82.41811965,33.05487301
55083,-88.22057799,44.99853905
48347,-94.61577699,31.61596105
44009,-71.61969999,41.39651085
53047,-119.7408466,48.54871645
53063,-117.40396,47.62065292
55041,-88.77040681,45.66730502
55113,-91.14467481,45.87996373
34017,-74.07588583,40.73086915
39151,-81.36562486,40.81387646
48187,-97.94865099,29.58301403
53029,-122.5752845,48.16294254
54037,-77.86275342,39.30757351
51153,-77.47766847,38.70166873
42029,-75.74842093,39.97309351
54055,-81.11143736,37.40549617
47145,-84.52320203,35.84784649
53009,-123.9342253,48.11041801
53065,-117.8551592,48.39907616
19177,-91.94999941,40.75323444
31073,-99.83069963,40.51483348
28095,-88.48049223,33.89227195
12033,-87.34138513,30.6144511
48439,-97.29123417,32.77153997
24033,-76.84727734,38.82944331
51169,-82.6029351,36.71430736
48239,-96.57769721,28.95422285
40085,-97.24415464,33.94990484
13289,-83.42701533,32.66720735
39099,-80.77624658,41.01465031
1087,-85.6927277,32.38596539
17191,-88.42561777,38.42955002
48437,-101.7350201,34.53038529
29151,-91.86187352,38.46035562
17089,-88.42861785,41.93891715
6017,-120.5246724,38.77869529
45055,-80.59028267,34.33874615
37073,-76.70048718,36.4449349
8089,-103.7164484,37.90269266
41019,-123.1795398,43.28534625
42089,-75.33950032,41.05805735
5101,-93.21788028,35.91996421
38019,-98.46485255,48.77229293
40103,-97.23049953,36.38859775
20063,-100.4828942,38.91610381
22077,-91.60076592,30.70935873
31067,-96.68945489,40.26192847
1115,-86.31470987,33.71568463
28123,-89.53765566,32.40640291
13095,-84.21628528,31.53336559
18061,-86.11126137,38.19506394
16017,-116.6010869,48.30004407
13047,-85.13823491,34.90360945
22059,-92.16040131,31.67670509
23027,-69.12187547,44.48526572
24027,-76.93115673,39.25068401
49035,-111.9235925,40.66734364
9003,-72.73281552,41.80641623
9015,-71.98750716,41.83004783
12087,-81.18564757,25.04680299
39157,-81.47377813,40.44094244
36085,-74.13823237,40.56231307
39071,-83.60096043,39.18473769
27077,-94.9045744,48.77121179
16011,-112.398075,43.21653988
72023,-67.18571584,18.02326633
72069,-65.78780638,18.13329048
72077,-65.90888582,18.22337327
45045,-82.37072021,34.89439911
46085,-99.8473938,43.89582642
55121,-91.35842516,44.3039394
6113,-121.9016894,38.68669227
48431,-101.0500181,31.82789797
48495,-103.0481719,31.85004999
46071,-101.628167,43.69420158
49041,-111.8045287,38.7477645
51036,-77.05911785,37.35433835
1023,-88.26320446,32.01961502
18083,-87.41814133,38.6890737
31047,-99.81956494,40.86994099
20057,-99.88794176,37.69169664
38105,-103.4802726,48.34366872
38017,-97.24796951,46.93303132
17069,-88.26692229,37.51820262
31005,-101.6958913,41.56890323
48163,-99.1082721,28.86780382
19103,-91.58807173,41.67153189
20133,-95.30681442,37.55848861
21089,-82.92222942,38.54567369
20107,-94.84291602,38.21226649
49017,-111.4431514,37.85489867
32011,-116.2685734,39.98388706
31085,-101.0618446,40.52478686
8095,-102.3575827,40.59387428
5013,-92.5029944,33.55808042
2090,-146.5654582,64.80774908
21101,-87.57313444,37.79581639
28051,-90.0920434,33.12355683
28105,-88.87929054,33.42496406
72037,-65.55922913,18.26841203
72047,-66.32795684,18.30422869
30027,-109.2244533,47.26355876
24023,-79.27299884,39.52890897
22119,-93.33497173,32.71342695
26059,-84.5929214,41.88775045
21141,-86.87893615,36.85969612
46033,-103.4515664,43.67763112
33013,-71.68028069,43.29749666
42133,-76.72649912,39.9199245
37161,-81.91977311,35.40256418
46005,-98.27812921,44.41446729
1043,-86.86762502,34.13197012
13097,-84.76792602,33.70184547
31097,-96.26511707,40.39263295
37187,-76.56930454,35.83925838
46075,-100.6897531,43.96066376
37007,-80.10274363,34.97378155
2100,-135.4606231,59.07112966
38007,-103.3764409,47.02344664
31003,-98.06666364,42.17688909
29073,-91.50795416,38.44083638
21031,-86.68179309,37.20726062
78020,-64.73774517,18.32759269
56005,-105.5483189,44.24833406
13211,-83.492364,33.59084424
5037,-90.77124456,35.29574161
5107,-90.84801656,34.42831935
22093,-90.79630385,30.02630735
6115,-121.3511787,39.26909978
1117,-86.66066775,33.2642718
8091,-107.7693339,38.15552341
35009,-103.3470224,34.57418592
40149,-98.99221073,35.29036808
37135,-79.12065331,36.06112503
18131,-86.69877696,41.04182349
26019,-86.30065403,44.64457983
36029,-78.77962875,42.75826139
24031,-77.20420822,39.13636444
51013,-77.10105194,38.87860215
51035,-80.73389831,36.73155642
29183,-90.67488437,38.78192402
6069,-121.0749603,36.6056908
24035,-76.08505307,39.03758869
20013,-95.56419893,39.82649503
13031,-81.74314758,32.39678578
21071,-82.74568706,37.55718312
30007,-111.4955379,46.33244336
13309,-82.72457801,32.11694187
37049,-77.08199981,35.11769967
29087,-95.21554379,40.09443595
48295,-100.2731259,36.27768988
41009,-123.0882595,45.94379526
45041,-79.70280367,34.02440044
38061,-102.355645,48.20132467
49053,-113.5046931,37.28039671
30003,-107.4898467,45.42338009
42047,-78.64906329,41.42523159
31165,-103.7588703,42.487719
28031,-89.55260264,31.63320983
72099,-67.08068275,18.3779752
18013,-86.22737548,39.19621645
18019,-85.70726607,38.47724508
21021,-84.86681931,37.62437931
21065,-83.96429682,37.69245801
48087,-100.2700676,34.9648726
48089,-96.52625645,29.62083459
17063,-88.41846984,41.28509528
27081,-96.26709245,44.41256654
13109,-81.88685979,32.15675506
48497,-97.6544528,33.21589424
2050,-160.1952591,60.84909583
13307,-84.55106713,32.04665617
13169,-83.56051334,33.02514607
13135,-84.02363724,33.96171068
55095,-92.44138252,45.46141523
55045,-89.60223816,42.68001168
72107,-66.43399358,18.21485582
36079,-73.74949526,41.4266557
51700,-76.51635896,37.07601214
8011,-103.0717067,37.95508447
40065,-99.41482487,34.58793656
30089,-115.133284,47.67479141
48173,-101.5208053,31.86946305
5047,-93.89060816,35.51235988
40093,-98.5359169,36.31163601
47125,-87.3828653,36.49686563
53051,-117.2739908,48.53231493
38055,-101.3218142,47.60696124
41027,-121.6510808,45.51900616
19197,-93.73514754,42.73312284
48419,-94.14492123,31.79242082
29055,-91.30394291,37.9763826
51017,-79.74103112,38.05863999
27111,-95.70801136,46.40879105
22075,-89.48193284,29.38069555
28115,-89.03740037,34.22544569
22067,-91.80180256,32.82021731
21029,-85.69593449,37.97014728
1047,-87.10648492,32.32593725
48093,-98.55827209,31.94798089
30053,-115.4050681,48.54248512
72129,-65.97653258,18.14797741
72135,-66.2464971,18.3625881
27021,-94.32535222,46.94959906
8007,-107.0482929,37.19360911
28163,-90.39644368,32.78034119
55087,-88.46491152,44.41609044
29107,-93.78558702,39.06557183
37195,-77.918641,35.70514067
39117,-82.79405956,40.52407612
30039,-113.4403357,46.40447633
38031,-98.88303706,47.4570617
5033,-94.24287356,35.58907402
48053,-98.18244751,30.78828464
29186,-90.19444996,37.89443609
48179,-100.8125592,35.40116597
17109,-90.67790718,40.4562133
19137,-95.15640132,41.03013883
5067,-91.21452737,35.59921545
48229,-105.3864508,31.4561612
22079,-92.53322035,31.19859433
31111,-100.7452397,41.04776436
48067,-94.3435473,33.07753458
47079,-88.30119218,36.33183002
37061,-77.93300002,34.93656312
37087,-82.98218384,35.55605351
27037,-93.06541707,44.67186264
41025,-118.9678938,43.06408203
72095,-65.89543136,17.99799161
55001,-89.77040632,43.96954452
29045,-91.73838371,40.41035823
21015,-84.72789123,38.9698875
21229,-85.17474756,37.75344233
22009,-92.00136005,31.07623405
28137,-89.94481885,34.65032442
29227,-94.42209868,40.47913082
31163,-98.97622462,41.22058486
46021,-100.0516178,45.77113107
46063,-103.4957739,45.58034903
26057,-84.6049101,43.29273762
19175,-94.24239731,41.02771528
17127,-88.70770506,37.2189968
31113,-100.4828515,41.56647547
31121,-98.03800304,41.16904631
31161,-102.4089684,42.50476781
21039,-88.97093001,36.8532337
56025,-106.7985029,42.962235
13321,-83.85088687,31.55150454
18109,-86.44622227,39.48155901
48139,-96.79453675,32.3484013
13229,-82.21285609,31.35881479
60010,-170.6273154,-14.26745031
18053,-85.65472026,40.51582584
12035,-81.29298772,29.47111832
28077,-90.10699284,31.55021991
22127,-92.63670117,31.94425715
17073,-90.13143018,41.35312621
41041,-123.9076061,44.64582539
23031,-70.67022527,43.42925618
46029,-97.18863063,44.97784785
13231,-84.38921489,33.09227539
13259,-84.83519762,32.07846989
34025,-74.15820312,40.28751597
5021,-90.41743149,36.36838432
5045,-92.33201957,35.14703467
40041,-94.80266057,36.40818591
19107,-92.17865152,41.33644049
17061,-90.39048409,39.35621996
27075,-91.40884785,47.52317477
13285,-85.02833138,33.03352757
6023,-123.9157869,40.70499169
47043,-87.35669595,36.14902064
27003,-93.24643853,45.27325634
46009,-97.88470364,42.98834609
47059,-82.84580845,36.17535833
51183,-77.26182543,36.9217305
18141,-86.28988284,41.61671034
38067,-97.55178272,48.76752434
46007,-101.6639901,43.19490676
22115,-93.18414734,31.10829361
23019,-68.64942331,45.4005172
24041,-76.17866021,38.74906211
13257,-83.29349261,34.55393566
6065,-115.993869,33.74368152
5005,-92.33695812,36.28715884
28007,-89.58153534,33.08626057
19169,-93.46505333,42.03623838
20011,-94.84930503,37.8552364
51049,-78.24487043,37.51217674
45085,-80.38241652,33.91614264
2164,-156.5447995,58.27875238
54109,-81.54915578,37.60963007
6029,-118.7299022,35.34285123
48097,-97.21263874,33.63921958
45075,-80.80027783,33.4389835
55119,-90.50123226,45.21154627
27099,-92.75250479,43.67145645
27101,-95.76324396,44.02212058
44007,-71.57854051,41.8713691
29161,-91.79234183,37.87714398
28117,-88.52010429,34.61828019
21235,-84.14515087,36.75809699
18149,-86.6476459,41.28091301
48491,-97.60075606,30.64803801
72109,-65.98882239,18.00075056
19131,-92.78902498,43.35640533
13107,-82.30173517,32.58971184
22025,-91.8470914,31.66613427
42025,-75.70880193,40.91816488
31133,-96.23707584,40.13154602
47171,-82.43237198,36.11070667
45083,-81.9906921,34.93127265
55073,-89.75908161,44.89827468
32007,-115.3577064,41.14578277
54007,-80.71927835,38.69986137
26165,-85.57841246,44.33835614
48079,-102.8284409,33.60413081
42013,-78.34863402,40.48096305
29085,-93.32074907,37.9407855
29009,-93.82906091,36.70987758
27123,-93.09960307,45.01709267
5081,-94.23441533,33.70054951
32019,-119.1891954,39.02041168
12071,-81.91543497,26.57568459
41033,-123.5554878,42.36550003
72091,-66.48782464,18.449609
28113,-90.4041513,31.17489796
47031,-86.07475973,35.49067811
16059,-113.9332614,44.94328318
21183,-86.8488705,37.47818092
31153,-96.11197211,41.11294109
13071,-83.76886463,31.18838981
27167,-96.46841149,46.35715782
17157,-89.8253061,38.05211281
23011,-69.76724813,44.409143
51173,-81.53697221,36.84374733
35041,-103.4800287,34.02117927
42111,-79.02829633,39.97244313
51191,-81.95983335,36.72446862
37081,-79.78891399,36.079474
16001,-116.2411584,43.45111142
40039,-99.00149308,35.63885479
39101,-83.16087356,40.58720289
17149,-90.88631792,39.62251426
17203,-89.21116586,40.78822201
13245,-82.07367613,33.35966809
1107,-88.08869152,33.28083647
40045,-99.75462081,36.21836314
17145,-89.36701212,38.08376515
19075,-92.79143671,42.40185996
8107,-106.9911778,40.48507111
34035,-74.61639984,40.56350992
6011,-122.2370034,39.1775635
17087,-88.88087275,37.45964152
8053,-107.3003228,37.82134642
16031,-113.6000979,42.28386435
27059,-93.29518049,45.5614819
42049,-80.09811348,42.11747902
28029,-90.44888662,31.86919956
48467,-95.83652551,32.5636821
51161,-80.0679646,37.26922734
51015,-79.13385462,38.16441287
2060,-156.9810166,58.73325185
49031,-112.1271659,38.33662774
21161,-83.8241793,38.59517255
27009,-93.9988217,45.69913265
48129,-100.8139815,34.96540936
12005,-85.63262911,30.2376201
1077,-87.65397832,34.90137331
18045,-87.24200935,40.12090119
17173,-88.80552027,39.39112449
17051,-89.02417126,39.00020665
39127,-82.23611101,39.73714924
51590,-79.4086737,36.58319931
13011,-83.49738619,34.35412467
13305,-81.91677673,31.55135558
40109,-97.40721643,35.5515208
40069,-96.66064756,34.31647527
37099,-83.14082721,35.28751253
49043,-110.9559661,40.86816833
29167,-93.40055008,37.6164735
32015,-117.0379049,39.93381244
19191,-91.84370122,43.29067894
21023,-84.09022715,38.68882486
55037,-88.39819641,45.8484727
54087,-81.34831932,38.71401421
27159,-94.96939094,46.58575389
17201,-89.16084129,42.33626999
4007,-110.8117115,33.79973441
24045,-75.63159378,38.36935776
21043,-83.04954234,38.31818363
37097,-80.87349962,35.80670342
51083,-78.93666735,36.76699359
37091,-76.98074744,36.35871705
36057,-74.43970248,42.90228375
27113,-96.03669167,48.06624029
53073,-121.8727984,48.82961938
41021,-120.2106946,45.37825888
34029,-74.24993515,39.86592866
5009,-93.09155878,36.30859229
40031,-98.47166001,34.66210879
48253,-99.87871837,32.73990344
48185,-95.98547086,30.54350727
26049,-83.7067149,43.0217119
22007,-91.06257093,29.90078052
28013,-89.33646299,33.93644508
28041,-88.63914958,31.21421947
30017,-105.5717079,46.2526998
46109,-96.94612155,45.6296429
17141,-89.32061066,42.04265193
38077,-96.94828785,46.26460073
55005,-91.84832662,45.42372277
55051,-90.26446968,46.31703956
27157,-92.23024854,44.28427278
6015,-123.957761,41.7449305
40127,-95.37582022,34.4161976
53007,-120.6189084,47.86923006
26141,-83.52774856,45.44931203
40027,-97.32642462,35.20304414
36105,-74.76812698,41.71644918
37149,-82.16962495,35.27933429
37165,-79.48047416,34.84083958
37085,-78.86942333,35.36865193
37105,-79.17146859,35.47520324
18159,-86.05185138,40.31135518
20027,-97.16517379,39.34970733
40145,-95.52117608,35.96106922
30083,-104.5614452,47.78792322
5003,-91.76839812,33.19121856
5041,-91.25402075,33.83329511
72147,-65.43234721,18.12528622
47135,-87.85889593,35.64262966
27163,-92.8839361,45.03874141
51740,-76.35666151,36.85902441
42051,-79.64736806,39.91991706
54023,-79.19551257,39.10512796
51171,-78.57089103,38.85824561
48235,-100.9824181,31.30391924
29025,-93.98278705,39.65573507
12107,-81.74427466,29.60866505
18025,-86.45168654,38.29247793
29111,-91.72214099,40.09688458
31075,-101.7405348,41.91499095
72087,-65.9024452,18.45776746
16071,-112.5393488,42.19498602
17139,-88.61928335,39.64147241
21107,-87.54088074,37.30879668
16035,-115.6568277,46.67372817
21013,-83.67409291,36.73065073
27035,-94.07087882,46.48240761
60050,-170.7845201,-14.33558234
72011,-67.1315575,18.28705677
4009,-109.887449,32.93275392
5123,-90.74776123,35.02200711
13101,-82.893981,30.71010503
2070,-158.3482681,59.71399551
20105,-98.20771209,39.04530618
20183,-98.78546944,39.78514944
12065,-83.90053779,30.42349819
72041,-66.16088031,18.173863
28005,-90.80445238,31.17440526
5097,-93.65952127,34.53879182
26025,-85.00558495,42.2465329
1029,-85.51877296,33.67456672
8123,-104.392539,40.55480922
40009,-99.68192601,35.26871236
6049,-120.7250304,41.58983028
19153,-93.57351592,41.68549071
13179,-81.45622986,31.80724666
48349,-96.4724615,32.04695357
48047,-98.21871044,27.03156087
47187,-86.8985325,35.89375405
56021,-104.6896244,41.30706241
53003,-117.2030506,46.19178148
27155,-96.47163142,45.77218754
17017,-90.24742448,39.97351461
13247,-84.02662369,33.65426034
42067,-77.40222115,40.53102399
42083,-78.56900114,41.80774089
40049,-97.30932208,34.70458657
31021,-96.32865318,41.85156722
35045,-108.3206132,36.50850032
36073,-78.23043317,43.38227947
22031,-93.73726287,32.05541998
6019,-119.6492718,36.75820514
13105,-82.84007146,34.11678603
1005,-85.39319425,31.86962274
37017,-78.56369806,34.61462339
48111,-102.6021738,36.27787996
17167,-89.65886033,39.75816751
40035,-95.20849598,36.76175831
47035,-84.99834715,35.95035042
26137,-84.59899723,45.02145439
19161,-95.10540763,42.38625803
49015,-110.7006578,38.99675934
53019,-118.5166134,48.47016017
30109,-104.2491542,46.96530945
35027,-105.4593004,33.74530699
40021,-94.99967067,35.90660721
27173,-95.86839,44.71623162
48231,-96.0854705,33.12359487
48335,-100.9212263,32.30621423
48499,-95.38207461,32.78632857
40113,-96.39847642,36.62918475
37039,-84.06342144,35.13383615
26107,-85.32463684,43.6407768
21195,-82.39586929,37.46906535
12067,-83.18108699,29.98549533
37035,-81.21505918,35.66202722
21025,-83.32412921,37.52165413
48075,-100.2075798,34.5291997
29181,-90.86388886,36.65280031
17179,-89.51341861,40.50750828
48243,-104.1400351,30.71547215
5135,-91.47985785,36.16114547
8069,-105.46111,40.6664104
37177,-76.17046312,35.86938029
27131,-93.29668054,44.35426279
29219,-91.1607049,38.76462891
21227,-86.42380008,36.99356367
22017,-93.88244271,32.58016165
46121,-100.7184216,43.19336776
19127,-92.99877564,42.03585459
40141,-98.9242714,34.37289666
37113,-83.42218476,35.15047738
54063,-80.55057421,37.56034422
18155,-85.03700846,38.82617099
21105,-88.97620202,36.67817381
1061,-85.83898853,31.09501178
17099,-88.88594891,41.34398671
19055,-91.36735866,42.47121171
20127,-96.6498499,38.68742976
19051,-92.40972032,40.74769603
16015,-115.7302997,43.98914467
55081,-90.61781439,43.94569961
37143,-76.40762778,36.17724559
12047,-82.9479823,30.49645479
2170,-149.5801989,62.30466923
18035,-85.39690749,40.22750712
12075,-82.78860654,29.28222533
72063,-65.9793624,18.26619862
72065,-66.7976842,18.44092796
28045,-89.47454341,30.39381975
13315,-83.43243603,31.97296705
22081,-93.3398856,32.09318192
47093,-83.93700039,35.99324213
23017,-70.75657999,44.49975375
29095,-94.34611694,39.00848663
13281,-83.73732227,34.91662872
28129,-89.50668656,32.01770083
16075,-116.7608666,44.00673608
16079,-115.8923753,47.35296752
37095,-76.14492091,35.40809295
19067,-92.78897374,43.05991711
21145,-88.71264788,37.05402615
21225,-87.94533777,37.65846782
46125,-97.14866892,43.31086366
47029,-83.12111875,35.92534248
47067,-83.22177334,36.52365871
47071,-88.18448469,35.19868067
45067,-79.36253314,34.0800875
72057,-66.1363493,17.9734325
22117,-90.04061249,30.85338052
29207,-89.94432669,36.85564745
13093,-83.79868753,32.15718862
27145,-94.61306388,45.55214669
31155,-96.63741434,41.22634709
27141,-93.7746647,45.44396941
46035,-98.14600748,43.67473894
47025,-83.66044533,36.48583703
48337,-97.724668,33.6756307
48049,-98.99980186,31.77427234
55101,-87.6960949,42.75116601
55115,-88.76543835,44.78915976
19009,-94.90582668,41.6845696
48207,-99.7303051,33.17823479
40083,-97.44330273,35.9193386
36065,-75.43585399,43.24172079
8065,-106.3448548,39.20238539
40121,-95.74839961,34.92390633
54017,-80.70692974,39.26912083
54105,-81.37859628,39.02240349
33003,-71.202996,43.87383553
54095,-80.88483461,39.46523328
69085,145.6311162,18.11828592
27079,-93.73009573,44.37139992
53017,-119.6917781,47.7360983
36009,-78.67884062,42.24860897
55027,-88.7074974,43.41628547
19105,-91.13143204,42.12123185
20007,-98.68478578,37.22883178
29169,-92.20765582,37.82462066
1045,-85.61106522,31.4318115
20109,-101.1483966,38.9173321
6039,-119.7625879,37.2180848
29075,-94.40992639,40.21210514
31009,-99.97690563,41.91276996
49009,-109.5075913,40.88729973
56031,-104.9658082,42.13304853
37071,-81.18025991,35.29437515
35019,-104.790638,34.86332493
30037,-109.1750628,46.38128728
37101,-78.36568836,35.5178158
6085,-121.6962549,37.23242676
45019,-79.89687967,32.82504366
53005,-119.5111438,46.23985992
29001,-92.60073246,40.19055515
39043,-82.57633279,41.4705866
17183,-87.73283973,40.18340959
29189,-90.44344702,38.64071093
17007,-88.82334809,42.32307114
6103,-122.2339207,40.12574286
55025,-89.4181347,43.06729449
48151,-100.4021571,32.7428196
22085,-93.55462984,31.56396115
17137,-90.20149355,39.71557323
13235,-83.47598945,32.23237521
37015,-76.96666445,36.06560263
37167,-80.25098596,35.31195178
47143,-84.92434109,35.60879651
37079,-77.67571714,35.48501632
21131,-83.38121641,37.09398973
24039,-75.85355599,38.08002668
17123,-89.34478067,41.03316789
21143,-88.08329618,37.0190745
48095,-99.86397639,31.32648401
48081,-100.5299226,31.88852203
47133,-85.28799634,36.34502929
26063,-82.855505,43.91006967
26069,-83.0852877,44.33708962
13069,-82.84924836,31.5492757
13299,-82.42369961,31.05364624
38037,-101.6396552,46.35827244
22051,-90.09777204,29.67748369
22103,-89.95452988,30.40780001
19083,-93.24040184,42.38388296
22023,-93.19889792,29.84687937
39027,-83.80836636,39.4149868
27137,-92.46146727,47.58985343
39093,-82.15148675,41.45249377
72143,-66.33561318,18.43539699
19015,-93.93164125,42.03649945
48373,-94.83009084,30.79259884
31051,-96.86771124,42.49309095
24025,-76.29882772,39.53645214
45037,-81.96656617,33.77229069
51001,-75.75659634,37.76495277
55015,-88.21806273,44.08158973
21121,-83.85407595,36.89070384
26067,-85.07460787,42.94508056
37129,-77.86558414,34.18154213
47131,-89.14882557,36.35820741
21035,-88.27218954,36.62110058
51003,-78.55667429,38.02291233
47147,-86.87056373,36.52542778
51043,-77.996759,39.11228658
53023,-117.5451552,46.43153172
21109,-84.00571357,37.41975269
27031,-90.38598158,47.72664697
45073,-83.06608786,34.7536362
22033,-91.09569525,30.53818576
28021,-90.91180921,31.97366591
24037,-76.52907916,38.21586643
26081,-85.54929435,43.03214965
37147,-77.37443214,35.59333048
30009,-109.028005,45.22737273
31167,-97.19391879,41.91691414
13001,-82.28898338,31.74926712
19099,-93.05376005,41.68603338
28153,-88.69579273,31.6407908
48101,-100.2787364,34.0776463
51081,-77.55953215,36.675857
12105,-81.69759646,27.94886318
48503,-98.68776701,33.17669534
1123,-85.79751352,32.86242278
33015,-71.08909381,42.98460603
8105,-106.3832054,37.58251358
19149,-96.21392155,42.73785894
36123,-77.10547413,42.63346188
53033,-121.835898,47.49094614
41017,-121.2281333,43.9150132
19155,-95.54237415,41.33659915
29229,-92.46871227,37.27014404
30101,-111.695624,48.65537678
36107,-76.30633019,42.17028702
48287,-96.96573683,30.31066414
13121,-84.46697869,33.79031518
48073,-95.16515727,31.83693866
29007,-91.84157101,39.21573056
45029,-80.64969051,32.84345672
55055,-88.77587931,43.02081099
5055,-90.55911819,36.11766707
48191,-100.6811338,34.53077147
55013,-92.36758249,45.86270708
35057,-105.8508249,34.64046855
53049,-123.7796238,46.5514291
37141,-77.88849822,34.51509958
48221,-97.83227067,32.42993143
46117,-100.7359277,44.41231752
32031,-119.6642885,40.66540406
21007,-88.9993453,37.05840705
48009,-98.68765065,33.61525242
48023,-99.21350779,33.61647131
48405,-94.16820712,31.39430697
32029,-119.5292999,39.44644664
13249,-84.31472041,32.26166948
9001,-73.37122952,41.2249457
48313,-95.92853614,30.96554408
6077,-121.2714086,37.93474207
28159,-89.03443115,33.08849107
21103,-85.11897845,38.44848452
21167,-84.87448507,37.81104707
31183,-98.52820712,41.91475674
21135,-83.37795506,38.53157246
27051,-96.01219106,45.93403412
28053,-90.52664883,33.12864529
1025,-87.83083898,31.67659976
20017,-96.59394758,38.30203909
21221,-87.87339984,36.80630803
1069,-85.30250688,31.15316003
46003,-98.56155325,43.7179879
2013,-161.9471962,55.22453057
31061,-98.95278305,40.1763258
24029,-76.09579361,39.23563077
20037,-94.85182175,37.50730931
27023,-95.56677592,45.02234637
46103,-102.8238056,44.00370637
45049,-81.14061395,32.77630468
16043,-111.4819431,44.22878525
13029,-81.44253203,32.01328771
51053,-77.6322761,37.07593512
12111,-80.44559579,27.38087508
36055,-77.68016811,43.30916069
46083,-96.72178525,43.27892942
55017,-91.27989978,45.06940639
20207,-95.7401788,37.88667128
21157,-88.32939702,36.88344148
13065,-82.70622283,30.91493548
13185,-83.26769229,30.83385055
15005,-156.9540705,21.21195022
15007,-159.7054494,22.01106415
26099,-82.91016781,42.67279056
13287,-83.62410193,31.71639099
17079,-88.15379533,39.01002105
48331,-96.97685574,30.78632693
18147,-87.00758443,38.01412312
21099,-85.88472197,37.29993151
21137,-84.66083144,37.45526884
30005,-108.958587,48.43265217
51710,-76.24566885,36.92339055
48389,-103.6931592,31.32314495
51155,-80.71441099,37.06352502
37179,-80.53075851,34.98834886
38053,-103.3953135,47.74013698
12091,-86.5921772,30.66503759
6001,-121.917995,37.65045957
17013,-90.66750141,39.16927739
18085,-85.86072398,41.24409314
28103,-88.56982448,33.1101092
5147,-91.24307551,35.18634023
34015,-75.14139028,39.71724194
33011,-71.71608848,42.91527823
30045,-110.2660221,47.0454453
37121,-82.16358386,36.01321762
30077,-112.9361393,46.8564027
41053,-123.4132695,44.90352672
41065,-121.167762,45.16002567
46105,-102.4756307,45.49049925
19173,-94.69642594,40.73742475
1129,-88.20792281,31.40758629
39039,-84.49048868,41.32391362
54025,-80.45294367,37.94688608
17121,-88.91895753,38.64960923
51051,-82.3503463,37.12582611
51007,-77.97616617,37.3360267
13243,-84.75421559,31.7626301
35029,-107.7497725,32.18219544
48355,-97.51632356,27.7350507
56045,-104.5678454,43.84046655
72137,-66.19057542,18.45717338
17187,-90.61500321,40.84882964
1089,-86.55023648,34.76311289
47189,-86.29766614,36.15483815
48063,-94.97841546,32.97318289
40067,-97.8358411,34.11104336
54085,-81.06298981,39.17825247
19145,-95.15016923,40.73914467
20087,-95.38344049,39.23578638
22045,-91.76303566,29.75655469
2158,-163.5254623,62.16001112
37133,-77.41574839,34.70982608
27043,-93.94799084,43.67391576
47057,-83.50958069,36.27628622
48161,-96.14912299,31.7048334
42087,-77.61705116,40.61040824
1041,-86.31354991,31.73147037
51520,-82.160698,36.61782593
48399,-99.9762378,31.83109338
48443,-102.0764881,30.22496186
20153,-101.0756931,39.78522712
20193,-101.0555357,39.35095598
13161,-82.63689631,31.80558065
19035,-95.62380952,42.73562207
5145,-91.74557399,35.25626181
28083,-90.30108022,33.55051169
29053,-92.8101206,38.84354731
26043,-87.87026421,46.00920894
17197,-87.97865039,41.4450362
48117,-102.6049087,34.96602392
46011,-96.79041394,44.36967196
29047,-94.42085594,39.31054787
28027,-90.60266309,34.22914583
18011,-86.46869442,40.05080765
19057,-91.18151656,40.92314924
19163,-90.6232986,41.63711988
20143,-97.65022976,39.13254095
12023,-82.62154495,30.22427
12059,-85.81411867,30.86791596
28047,-89.08165257,30.41606688
72141,-66.70247328,18.2709892
47011,-84.85961646,35.15413646
27017,-92.67705591,46.59240554
48315,-94.35720638,32.7979832
36095,-74.44213556,42.58823073
40117,-96.69932774,36.31694119
36007,-75.81962493,42.16020759
48291,-94.81222454,30.15162741
39009,-82.04512534,39.33385621
39081,-80.76101292,40.38504246
54083,-79.87582681,38.77471812
54049,-80.24341863,39.50999656
34011,-75.12933708,39.32810083
6057,-120.7687465,39.30134308
55031,-91.89941225,46.46409217
21199,-84.57719975,37.1039241
37065,-77.59706684,35.9129765
48241,-94.02507293,30.74393497
49001,-113.2356895,38.35700088
13213,-84.74800293,34.78846561
18075,-85.00564192,40.43792378
26117,-85.15249319,43.31094523
36083,-73.50970777,42.7110369
12021,-81.38095197,26.09924436
35031,-108.2618258,35.58066077
13017,-83.22045257,31.7597834
5077,-90.78209055,34.78062958
12003,-82.28455175,30.33109873
13173,-83.06265401,31.0379333
20159,-98.20105169,38.34712742
1015,-85.82604969,33.77142407
28059,-88.62284955,30.46289172
21037,-84.37969574,38.94645436
21057,-85.38849406,36.78651857
28107,-89.95055484,34.36393585
48195,-101.3545461,36.27744979
48071,-94.6714318,29.70826717
13239,-85.01878431,31.86734152
48199,-94.39022583,30.33239175
9005,-73.24532739,41.79249178
39143,-83.1439039,41.35740438
23021,-69.28450548,45.83735623
17153,-89.12640789,37.22293988
40107,-96.32285614,35.46545917
26145,-84.05317594,43.33503177
35039,-106.6930833,36.50957185
50005,-72.10223338,44.46472029
51023,-79.81230544,37.55706999
17119,-89.90515026,38.82984245
48085,-96.57240003,33.18790639
45001,-82.45868888,34.22256964
31053,-96.6539748,41.57786855
12115,-82.36495501,27.18247052
55077,-89.39876942,43.81957369
4015,-113.75791,35.70405787
4025,-112.5538522,34.59985265
45051,-78.97617827,33.90447396
42091,-75.36729575,40.21082906
16061,-116.4263986,46.2370192
72013,-66.67493364,18.43367863
34027,-74.54451926,40.861977
29211,-93.1115216,40.21064275
20135,-99.91616814,38.47940564
48039,-95.43429016,29.16784243
31029,-101.6979522,40.52418019
39113,-84.29066679,39.75459308
48447,-99.21236146,33.17748286
13221,-83.0807832,33.88061718
5029,-92.70128169,35.26224704
29147,-94.88343342,40.36076859
38073,-97.65743885,46.45615084
26017,-83.94182874,43.72135297
47157,-89.89556892,35.18401056
6007,-121.6007028,39.66695187
27115,-92.74126262,46.12076991
48021,-97.31203462,30.10358959
53039,-120.7892379,45.87379617
53055,-122.9775058,48.56317353
55009,-87.99285981,44.47434047
20205,-95.74339555,37.55924377
22069,-93.09622939,31.72353905
22109,-90.83764306,29.33747409
13155,-83.27639827,31.60228688
2185,-153.5106002,69.36341056
26011,-83.74726043,44.04287364
19111,-91.47929026,40.64199435
20141,-98.76798682,39.35034128
26047,-84.98145778,45.58754756
19071,-95.6046845,40.74559985
23015,-69.52577328,43.99779085
36099,-76.82378148,42.78101427
21125,-84.1178424,37.11066918
47121,-84.81332427,35.51285973
29213,-93.04108428,36.65473251
13269,-84.25050198,32.55551337
48415,-100.9164041,32.74631172
8047,-105.5224861,39.85759415
40087,-97.44424323,35.00931875
54071,-79.35091628,38.68072939
51139,-78.48435822,38.61947258
40079,-94.70338161,34.9003229
54089,-80.85858019,37.65588828
37119,-80.83261239,35.2464873
34013,-74.24709268,40.78718603
29115,-93.107183,39.87020818
13209,-82.53478672,32.17332017
41055,-120.6893936,45.40531148
13133,-83.16664505,33.57876221
46017,-99.20495914,44.07633435
46095,-100.7600346,43.5813244
48135,-102.5427588,31.86916575
48293,-96.58052405,31.54545582
53027,-123.8286147,47.14440625
54003,-78.02757911,39.46410268
72149,-66.47274054,18.12816577
30067,-110.5266687,45.48836745
48121,-97.11699487,33.20524377
45021,-81.62029137,35.04820353
37199,-82.30762216,35.8989532
48387,-95.05032289,33.62066178
48321,-96.00395579,28.78564339
27149,-96.00029217,45.58610511
13301,-82.67668848,33.40904238
48197,-99.74571293,34.29026221
17133,-90.17740901,38.27869308
13165,-81.96351611,32.79246042
21085,-86.3440015,37.46075984
48363,-98.3130284,32.75318603
13149,-85.1282536,33.29704568
1079,-87.3110561,34.52164914
72061,-66.11406132,18.34379588
28093,-89.50302182,34.76219962
20025,-99.82031721,37.23551553
20081,-100.8711919,37.56225597
22013,-93.05592624,32.34723119
13295,-85.30098821,34.73565134
19095,-92.06552236,41.68629851
31019,-99.07495474,40.85515831
40007,-100.4767672,36.74969402
19023,-92.79019054,42.73155046
30085,-105.0165178,48.29453049
72017,-66.55957875,18.4718821
53015,-122.6809811,46.19320281
48297,-98.12479312,28.35138188
29135,-92.58306969,38.63274598
51193,-76.7999337,38.11281438
37197,-80.6652516,36.16048487
6047,-120.7176851,37.19186634
40043,-99.00787689,35.98765696
37023,-81.70479845,35.74958867
37191,-78.00404243,35.36396094
42123,-79.27412392,41.81457332
5061,-93.9934711,34.08878072
37059,-80.54449595,35.92912061
37111,-82.0492934,35.68169785
5099,-93.30712343,33.66395964
8125,-102.4242235,40.00288802
48421,-101.8934794,36.27770237
48463,-99.76220691,29.35733848
39011,-84.22171974,40.56092442
22015,-93.60503405,32.67893299
19063,-94.67848787,43.3780175
20169,-97.64991412,38.78381447
21153,-83.06492486,37.70646675
48017,-102.8299165,34.0685306
29027,-91.92599723,38.83552174
56001,-105.7239093,41.65446924
56029,-109.5879755,44.52047417
42093,-76.65863334,41.02794837
36081,-73.83880197,40.65753311
12121,-82.99147444,30.19561861
26031,-84.49204317,45.47294617
26051,-84.38825554,43.99067359
21173,-83.91312764,38.03356384
45057,-80.70543294,34.6867191
21123,-85.69796091,37.54574303
19193,-96.04474991,42.38972245
12123,-83.61895979,30.01957489
17003,-89.33754498,37.19155504
29099,-90.5377026,38.26109852
29113,-90.96003471,39.0580263
13051,-81.09246409,31.9740319
12125,-82.37143104,30.04383209
36037,-78.19371616,43.00093895
19041,-95.15092032,43.08257289
30025,-104.4174435,46.33399177
46107,-99.95722749,45.06449072
48109,-104.5173697,31.44706481
23005,-70.33022383,43.80610751
48013,-98.52713891,28.89354142
20095,-98.13631701,37.55888371
13241,-83.40224548,34.88171475
54097,-80.23342599,38.89782632
29215,-91.96505629,37.31730367
5119,-92.31181131,34.76995738
19047,-95.38199341,42.03720598
16005,-112.2246109,42.66851314
39055,-81.17866333,41.49953905
72035,-66.14952488,18.1029321
6107,-118.8004366,36.22014454
72015,-66.04190647,17.95869554
72125,-67.03844484,18.11116665
36117,-77.04823863,43.32537841
51163,-79.44726521,37.81446064
38095,-99.24578353,48.68554331
42045,-75.39882994,39.91679104
36063,-78.77084183,43.33613849
50003,-73.09295788,43.03545559
12019,-81.85788525,29.98307685
37183,-78.6502656,35.79024449
39061,-84.54275072,39.19551377
34003,-74.07420423,40.95966303
32017,-114.8775359,37.6433359
2180,-164.2443241,64.83545352
30055,-105.7954259,47.64521833
19019,-91.83785048,42.47079173
17043,-88.08562595,41.85196491
46047,-103.527536,43.23936997
27069,-96.78277653,48.77662949
13219,-83.43701599,33.83496029
48493,-98.0865567,29.17400341
31059,-97.59649448,40.52464226
12079,-83.47017763,30.44412703
72031,-65.96884048,18.39701052
18153,-87.41472641,39.088804
4012,-113.9813544,33.72925701
13027,-83.5802121,30.84198113
2016,-92.48441876,52.6802178
2150,-153.749187,57.66028036
20185,-98.71745963,38.0309999
13271,-82.93903518,31.92978464
26115,-83.49430679,41.92135795
18181,-86.86547067,40.74977056
18113,-85.4174764,41.39858644
21139,-88.35376103,37.20972054
13201,-84.73068368,31.16398944
47103,-86.58893198,35.14053464
21211,-85.19474075,38.21542254
31185,-97.59710869,40.87274127
42001,-77.21789605,39.87143113
45005,-81.35807438,32.9881264
47037,-86.78496968,36.16943684
49047,-109.518655,40.12478174
49049,-111.6703263,40.11995965
18021,-87.11575294,39.39272176
36047,-73.95015019,40.63436722
29141,-92.88598983,38.42370723
39075,-81.92936814,40.56118655
19143,-95.62368683,43.37857764
18079,-85.62806849,38.99692375
16083,-114.6671506,42.35586553
17165,-88.54077601,37.75318352
26077,-85.53119347,42.24545644
45061,-80.25452447,34.16326611
56019,-106.5846339,44.03876984
18027,-87.07212303,38.70243956
26055,-85.5521985,44.71622967
22003,-92.82787403,30.65286024
46065,-99.99601161,44.38904351
46069,-99.48709832,44.54734487
45027,-80.21640649,33.66580962
30095,-109.3951954,45.66905407
47007,-85.20521391,35.59637859
21219,-87.1791517,36.83554846
47183,-88.71779381,36.2982606
29077,-93.34199276,37.25803866
42077,-75.59235488,40.61269496
31159,-97.13951622,40.87238281
36015,-76.76003782,42.14125761
36121,-78.22443551,42.70235461
6099,-120.9976899,37.55910041
42095,-75.30756717,40.75414918
1103,-86.85291863,34.4534341
21027,-86.42926843,37.77324964
28043,-89.80203074,33.76995013
21213,-86.5823018,36.74192727
50013,-73.29487565,44.79677174
39029,-80.77718838,40.76843029
51125,-78.88682085,37.78738013
12097,-81.14942951,28.06267922
5053,-92.42358927,34.29006316
13175,-82.92221506,32.4636472
36061,-73.96970082,40.77423307
5007,-94.25622921,36.33872557
72071,-67.01420475,18.48309044
12083,-82.05662651,29.21028834
51135,-78.05127646,37.14309215
34041,-74.99728768,40.85716038
36021,-73.63188145,42.25009846
40023,-95.55215818,34.02660278
20041,-97.15270774,38.86649986
48427,-98.73840861,26.56215822
13103,-81.3413211,32.36732042
40129,-99.69569048,35.68837494
55103,-90.42946495,43.37562091
35025,-103.4124761,32.79215492
1075,-88.09690827,33.77920246
72054,-66.56026162,18.37345798
47117,-86.76501716,35.46881663
51011,-78.81258575,37.37237154
5087,-93.72455871,36.01098791
56033,-106.8793901,44.78998588
42041,-77.26542331,40.16364847
42055,-77.72124059,39.92742563
42079,-75.98901152,41.1769949
26039,-84.61033951,44.6836151
1113,-85.18498791,32.28836229
39019,-81.08974113,40.57958047
51065,-78.27714673,37.8419221
17097,-87.63119522,42.32531964
13195,-83.20901423,34.12777812
5039,-92.65438259,33.96985243
8057,-106.3427454,40.66641829
8063,-102.6028974,39.30544068
16073,-116.1699745,42.58143335
55141,-90.04155012,44.45532595
36013,-79.40574477,42.3029464
13067,-84.57666857,33.94146425
47091,-81.85171817,36.45498659
39013,-80.98855612,40.01579206
51195,-82.62116034,36.97527913
29035,-90.96232876,36.94127629
40013,-96.25977699,33.96230239
31035,-98.05128466,40.52443207
24017,-77.01353164,38.47365894
19033,-93.26081466,43.08154565
19073,-94.39683721,42.03623429
21205,-83.42106028,38.19629735
49055,-110.903734,38.32434962
29031,-89.68444595,37.38399495
53071,-118.4784324,46.22981848
29133,-89.2911826,36.8280912
5025,-92.18514846,33.89838449
48113,-96.77785243,32.76661773
72079,-67.04286514,17.97921415
18033,-84.99907911,41.39758015
22073,-92.15488399,32.47828151
22095,-90.4708924,30.12648114
22091,-90.71035633,30.82197788
29197,-92.52088515,40.47025149
1059,-87.84382829,34.44166249
21041,-85.12358773,38.66781542
8019,-105.6443318,39.68911127
48267,-99.748692,30.48677054
26097,-85.00944257,45.99893236
48307,-99.34747058,31.19883895
28141,-88.23930712,34.74046269
48105,-101.4121895,30.72299054
48217,-97.13242477,31.99068452
8075,-103.1100956,40.72466552
20055,-100.7369861,38.0442993
20125,-95.74289892,37.19252169
45039,-81.12121779,34.39510189
31033,-102.9949858,41.21978248
27091,-94.55106783,43.67435732
47155,-83.52418074,35.78462988
47139,-84.52330318,35.11990341
48263,-100.7775551,33.1814098
30099,-112.2405737,47.83718155
31069,-102.3354471,41.6194175
17117,-89.92444028,39.26100722
39141,-83.05702983,39.33762363
17195,-89.91405416,41.75626604
48141,-106.2348531,31.76863099
48301,-103.5799663,31.84917714
40077,-95.25040734,34.87605392
39167,-81.49529599,39.45531084
29091,-91.88655505,36.7740098
20047,-99.31216958,37.88764857
21111,-85.6591159,38.18717796
17107,-89.36754296,40.12454253
55139,-88.6446692,44.06887299
21075,-89.18745449,36.55404474
20079,-97.42727536,38.04321829
30021,-104.8995176,47.26637416
54091,-80.04619794,39.33597397
26111,-84.38811641,43.64685924
28119,-90.28911272,34.2514184
21093,-85.96344646,37.69787622
17081,-88.92398734,38.30053131
46057,-97.18831445,44.67375099
55069,-89.73463419,45.33741806
36033,-74.30374933,44.59293869
54081,-81.2485871,37.77135586
35005,-104.4668868,33.36331665
35049,-105.9765449,35.50650506
6059,-117.7761189,33.67689396
4023,-110.8465738,31.52600908
37053,-75.9369645,36.36730559
17101,-87.72677194,38.71994523
18067,-86.11695643,40.48358042
18125,-87.23217214,38.39878378
21047,-87.49037728,36.89421282
26045,-84.83831933,42.59606691
19179,-92.40947707,41.03058224
6025,-115.3653467,33.03950929
26027,-85.9934727,41.91539323
28157,-91.31094722,31.16096616
2282,-141.09499,59.54746504
20179,-100.4418322,39.35034792
28079,-89.52402361,32.75351838
72025,-66.05081784,18.21187394
72027,-66.86261032,18.44303232
28025,-88.78150811,33.65566019
28037,-90.89785113,31.477136
28099,-89.11758637,32.75349698
46045,-99.21529853,45.41880083
72119,-65.80023067,18.37547747
1035,-86.99366589,31.4292357
18029,-84.9732555,39.14525039
18071,-86.03760469,38.90646009
28081,-88.68041744,34.2898969
22125,-91.42001291,30.8797713
5035,-90.30888035,35.20795843
12063,-85.21548975,30.79540206
48125,-100.7788601,33.61660322
51115,-76.27129686,37.41730507
38075,-101.6577679,48.71904984
48283,-99.09966364,28.34505592
36067,-76.19461064,43.00579035
19087,-91.5445566,40.987967
31083,-99.40461928,40.17647882
30075,-105.6301804,45.39498198
72075,-66.49043529,17.99733823
55091,-92.00153803,44.58292609
4001,-109.4888482,35.3956403
29121,-92.56460378,39.83080778
48279,-102.3517135,34.06860847
20097,-99.28604979,37.55825703
48015,-96.27790751,29.88701458
29061,-93.9854719,39.96072493
13253,-84.8688336,30.93874333
26101,-86.36413078,44.34280222
19119,-96.21025113,43.38050239
48233,-101.3547086,35.84000721
40139,-101.4900069,36.7478981
40153,-99.26497447,36.42265179
19003,-94.69918248,41.02898495
6101,-121.6948002,39.03451474
42105,-77.89581671,41.74492642
48465,-101.1517075,29.89293554
20077,-98.0754897,37.19160171
19133,-95.95992578,42.05165915
49023,-112.7847861,39.70270458
40137,-97.85147443,34.48558625
36017,-75.61154735,42.49351008
17143,-89.7600061,40.78807202
19091,-94.20719173,42.77645863
31177,-96.22202094,41.53103381
55049,-90.1353853,43.00046516
27097,-94.26839553,46.01260346
42003,-79.98126352,40.468846
29205,-92.07662084,39.79776409
39097,-83.40021512,39.89403482
20201,-97.08755516,39.78420291
17019,-88.19918854,40.14007975
16087,-116.7848196,44.45244571
17045,-87.74557829,39.67852156
8121,-103.2012587,39.97105248
39065,-83.65942975,40.66150475
26113,-85.09465477,44.33730451
38093,-98.95882352,46.97923426
29203,-91.40052639,37.15737756
48423,-95.26920337,32.37496329
40143,-95.94146064,36.12110027
40091,-95.66684261,35.37365534
48395,-96.51276483,31.02709855
48171,-98.94648157,30.31805802
26125,-83.38582882,42.66039802
38033,-103.8468569,46.94018516
56027,-104.4753727,43.05649094
27117,-96.25865262,44.02298286
51099,-77.15638567,38.27371052
53025,-119.4517694,47.2056509
27129,-94.94715389,44.72682462
12001,-82.35774606,29.67484632
31091,-101.1353251,41.9159035
51147,-78.44109185,37.22428688
49007,-110.588716,39.64814795
42017,-75.10688163,40.33693432
46059,-99.00493691,44.54776691
42081,-77.06449893,41.34338196
16057,-116.7117224,46.81616909
13237,-83.37290009,33.32174953
35037,-103.5497421,35.10434744
48269,-100.2558627,33.61646924
5073,-93.60702242,33.24097267
48451,-100.4620816,31.40439193
12049,-81.80992792,27.49269293
39025,-84.15190819,39.04740127
48501,-102.8277894,33.17295389
41071,-123.3081723,45.23266811
19115,-91.25963711,41.21849818
20049,-96.24411478,37.45369188
39121,-81.4555467,39.7659379
39137,-84.1317252,41.02207555
48425,-97.77434888,32.22228611
42075,-76.45770594,40.36723352
30035,-112.9946702,48.70503255
32027,-118.4044411,40.44035799
27087,-95.80906229,47.32522036
34031,-74.30072133,41.03430238
30047,-114.0894003,47.64590494
48261,-97.63645115,26.92802498
48033,-101.4317615,32.74368343
29157,-89.8244384,37.70713137
48411,-98.8176018,31.15519767
40073,-97.94209909,35.94538645
48051,-96.62143285,30.4924505
36035,-74.42219627,43.11385169
28133,-90.58860108,33.6023219
27053,-93.47683711,45.00458173
42027,-77.81991913,40.91930127
48025,-97.74118016,28.41740987
47077,-88.38797374,35.65426019
19171,-92.53255508,42.07979065
20175,-100.8512823,37.19329313
19135,-92.86899889,41.02977475
31147,-95.71754313,40.12505988
17021,-89.2772654,39.54577354
12089,-81.77135879,30.61059227
12133,-85.66539047,30.61057376
13007,-84.44468765,31.32616161
13275,-83.91931083,30.86366931
21005,-84.99092122,38.00403901
21185,-85.44832749,38.39942696
13057,-84.47620888,34.24392704
38065,-101.340347,47.11526793
26133,-85.32530074,43.98981624
47109,-88.56362738,35.17548562
53001,-118.5606303,46.9833332
29057,-93.85026687,37.43205223
22101,-91.4729641,29.63465812
50007,-73.08095703,44.4609685
72045,-66.2218832,18.22480886
15009,-156.6170959,20.86775549
22057,-90.40259056,29.50036896
19139,-91.1127299,41.48390388
12113,-87.01842863,30.69285189
18101,-86.80304883,38.70800541
21203,-84.31592101,37.36516041
21223,-85.33759732,38.61301824
13055,-85.34528482,34.4750222
45033,-79.3788592,34.39159161
37103,-77.35508216,35.0216792
29199,-92.14703999,40.45259025
20131,-96.01410369,39.78344416
20137,-99.90345892,39.78437452
72007,-66.12743244,18.25112204
72033,-66.13858497,18.44155018
31065,-99.9122691,40.17645517
13087,-84.57905906,30.87834799
18177,-85.00989326,39.86440042
21009,-85.93364316,36.96557611
31093,-98.51708169,41.22003169
38025,-102.6182439,47.35674948
6005,-120.651017,38.44639243
47049,-84.93246049,36.38048539
20031,-95.73412623,38.23682409
26023,-85.05902789,41.91611212
51031,-79.09653353,37.20533586
39105,-82.02293378,39.08225648
54067,-80.79931776,38.29168787
40053,-97.78614311,36.79614902
46115,-98.34618207,44.9380115
50027,-72.58616572,43.58001482
48455,-95.13554758,31.08879116
35001,-106.6701992,35.0513603
13205,-84.19432195,31.22530968
15001,-155.5228916,19.60238001
21147,-84.48407605,36.73710053
21191,-84.36027672,38.69564498
21215,-85.32781617,38.03250201
30041,-110.1112572,48.62819549
31175,-98.98189456,41.56730482
48069,-102.2616597,34.5299457
24043,-77.81380733,39.60367565
21133,-82.85518257,37.12118276
34033,-75.35800198,39.57679913
51680,-79.19087057,37.40029938
5125,-92.67657936,34.64664181
54053,-82.02649381,38.76970939
54021,-80.85709349,38.92408193
28063,-91.03710924,31.73419892
38079,-99.8409867,48.77243448
30103,-107.271611,46.21146161
21049,-84.14747322,37.97084207
72101,-66.42037824,18.31706717
26005,-86.29175822,42.5936698
47005,-88.06827399,36.0697877
27015,-94.72763446,44.24207691
47137,-85.07493534,36.55845018
51109,-77.96286042,37.97820686
18145,-85.79170069,39.52369691
39049,-83.00930388,39.96953285
49021,-113.2894702,37.85918344
32009,-117.6323662,37.78468108
26083,-88.25214923,47.7152765
49039,-111.576369,39.373897
20093,-101.319857,38.00018599
12009,-80.70118804,28.30029848
18105,-86.5231418,39.16090548
19117,-93.32769889,41.02936356
21239,-84.74366172,38.04221561
45053,-81.02329399,32.42199137
48043,-103.2517639,29.81197793
45065,-82.30986185,33.89954637
45087,-81.61939757,34.68923429
27103,-94.24762754,44.34989221
55075,-88.00224453,45.3508737
53011,-122.482563,45.77913892
55099,-90.36145396,45.68039581
18103,-86.04502622,40.76951008
20053,-98.20471065,38.69661679
22123,-91.45675476,32.78844212
12077,-84.88289118,30.24132611
20083,-99.89794437,38.08748198
20119,-100.366175,37.23818349
21149,-87.26357493,37.52915732
28001,-91.35347716,31.48287906
72083,-66.98349931,18.23702324
28057,-88.36132551,34.27999586
21073,-84.87698847,38.23921799
23009,-68.3682003,44.56289875
23013,-69.0155773,44.02734532
13217,-83.85013437,33.55508191
46049,-99.14526264,45.07101215
26061,-88.65207305,46.99153696
30061,-114.998282,47.14724543
47051,-86.09217743,35.15496356
22029,-91.64003992,31.44592698
22063,-90.72796307,30.4401831
25009,-70.8679204,42.63890888
46019,-103.5080422,44.90584059
8035,-104.9295718,39.32969649
45079,-80.90314536,34.02185332
18095,-85.71934641,40.16163472
40099,-97.06790923,34.48232983
54009,-80.57643835,40.27372349
54013,-81.11760903,38.84442965
51021,-81.13021898,37.13398725
30111,-108.2744023,45.93732942
54043,-82.07037618,38.17536509
6033,-122.7531684,39.0996304
13131,-84.23442404,30.87466436
8021,-106.1916059,37.20069114
49037,-109.8046376,37.62590603
18133,-86.84504284,39.66627678
16047,-114.8115287,42.97101798
47167,-89.75926266,35.49684973
22121,-91.31276628,30.46341034
29171,-93.01609182,40.47893546
56039,-110.5898231,43.93462049
55043,-90.70621829,42.86746822
38059,-101.2811516,46.71604675
37041,-76.60209956,36.12655257
37021,-82.53009651,35.61117651
6063,-120.8385679,40.00466844
51730,-77.3912775,37.20424666
50023,-72.61497073,44.27338305
46093,-102.7168739,44.56682466
18097,-86.1384651,39.781707
5017,-91.29398003,33.26722093
13021,-83.69731725,32.80644793
72059,-66.79715122,18.00719069
72131,-66.97114242,18.32864295
5115,-93.03416068,35.44763006
51175,-77.10599922,36.72041609
48183,-94.81698885,32.48046698
36087,-74.02406346,41.15246736
5089,-92.68424587,36.2683375
51800,-76.63405148,36.7018463
8041,-104.5255848,38.83209294
29187,-90.47229875,37.8103108
48475,-103.1024334,31.50946799
8061,-102.7403538,38.43268177
48487,-99.2410633,34.08069983
41015,-124.2151634,42.46660065
8119,-105.1618217,38.88217342
29049,-94.40459388,39.60176187
49051,-111.1681851,40.33078836
16029,-111.5622067,42.77050909
37157,-79.77497931,36.39600703
5117,-91.55280603,34.82976701
5011,-92.1623973,33.4663389
48193,-98.1107417,31.70479559
24011,-75.83158044,38.8717703
27041,-95.45352803,45.93371908
30043,-112.0937182,46.14845091
51059,-77.27621393,38.83452192
30023,-113.0677455,46.06080937
47001,-84.19848417,36.11843704
39077,-82.59841097,41.14616217
13005,-82.45267309,31.553644
10001,-75.50463049,39.09596794
39173,-83.62299476,41.36169003
13157,-83.56638664,34.13386886
20003,-95.29332686,38.21420327
17095,-90.21325955,40.931806
30107,-109.8445267,46.46626046
47015,-86.06168156,35.80861512
23007,-70.44408001,44.97415416
21165,-83.59878601,37.94137396
46089,-99.22146133,45.7663581
8051,-107.0316961,38.66677999
26029,-85.37328681,45.50251117
27151,-95.68144265,45.28270276
39147,-83.12771271,41.12387169
13267,-82.05822243,32.04582196
48429,-98.83617161,32.73585245
37117,-77.10921195,35.84316803
30081,-114.1207568,46.08170268
13317,-82.74327745,33.78203439
53043,-118.4187514,47.57621751
6081,-122.3556417,37.43622059
39171,-84.58813276,41.56026924
8009,-102.5604697,37.31918387
16021,-116.4628925,48.76688917
16007,-111.3297604,42.28481397
39159,-83.37159273,40.29942154
39035,-81.70020455,41.63508635
48285,-96.93015781,29.38435415
40105,-95.61741486,36.79847478
13125,-82.61075182,33.22929601
41059,-118.7367898,45.59197779
46102,-102.5516108,43.33557228
20117,-96.52294566,39.7836191
22065,-91.24263458,32.36440228
30105,-106.667445,48.36534762
13313,-84.96717153,34.80559005
20203,-101.3473605,38.48207762
46023,-98.5879344,43.20793585
31027,-97.25240647,42.59924629
53035,-122.6491588,47.63965242
17111,-88.45243161,42.32439638
30069,-108.2501955,47.11756956
29033,-93.5051999,39.42696341
53075,-117.5230458,46.90118869
27147,-93.22602511,44.02233178
31169,-97.59493539,40.17627336
47033,-89.13952718,35.81357488
19079,-93.7068009,42.38377567
39165,-84.16675298,39.42756235
13255,-84.28418704,33.26089788
34019,-74.91224913,40.56725651
29217,-94.3424635,37.8505525
18121,-87.20637482,39.77363345
19069,-93.26246098,42.73254759
13035,-83.9572314,33.28786022
8039,-104.1358848,39.28654914
44001,-71.28609642,41.70561158
48035,-97.63437295,31.90038915
44005,-71.28097581,41.49985417
39045,-82.6305641,39.75159811
38069,-99.97180191,48.24959755
17015,-89.93443517,42.06868891
27125,-96.09528386,47.87169689
41031,-121.1762557,44.62943207
47021,-87.08684559,36.26114045
46127,-96.65602935,42.83240947
1051,-86.14914839,32.59665071
13187,-84.00267412,34.57217984
39083,-82.42153145,40.39876806
19017,-92.31805815,42.77458308
48175,-97.42644797,28.65709057
37089,-82.47989888,35.33634496
12061,-80.57409399,27.69639634
48393,-100.8134618,35.83850558
31049,-102.3339672,41.11158536
36051,-77.77547698,42.72808014
19141,-95.62488099,43.08375432
48059,-99.3734981,32.29765889
48379,-95.79344936,32.87031178
20067,-101.3080081,37.56216747
51105,-83.12865242,36.70541152
35051,-107.1923788,33.13049178
5043,-91.71998841,33.58945059
31123,-103.0105457,41.71599135
29015,-93.28794263,38.29483296
5109,-93.65635246,34.16349854
8077,-108.4664473,39.01828926
29065,-91.50790044,37.60662581
51185,-81.56055892,37.1249993
42103,-75.03378047,41.33196224
42115,-75.80068038,41.82132673
48343,-94.73265775,33.11348922
42125,-80.24822237,40.18940192
50001,-73.14095542,44.03092434
20103,-95.0379057,39.19935768
26121,-86.53525795,43.28992745
28049,-90.44287796,32.26668394
48281,-98.24146543,31.19619769
51107,-77.63570952,39.09069174
29185,-93.77597899,38.03718388
36025,-74.9664927,42.19809128
30071,-107.9132107,48.25918582
29129,-93.56856231,40.42233869
53045,-123.1830061,47.35052882
37127,-77.98645809,35.9672573
51199,-76.44241415,37.23800729
29159,-93.28508418,38.72828487
30063,-113.9237342,47.03653901
20019,-96.24538627,37.15004391
48459,-94.94149216,32.73625517
51047,-77.95581567,38.4860632
40061,-95.11660628,35.22482008
54069,-80.61909329,40.09689454
54065,-78.25780647,39.56041273
51165,-78.8757201,38.5120082
18183,-85.50511692,41.13937034
6093,-122.5403828,41.59268533
46037,-97.6073784,45.36714213
22071,-89.92817039,30.06866461
1073,-86.89649284,33.55429693
1127,-87.29735997,33.80333787
29063,-94.40471,39.89316607
12039,-84.61365884,30.57944871
13083,-85.5045082,34.85452906
28033,-89.99175388,34.87541171
51187,-78.20852012,38.90862709
17047,-88.05342298,38.41648956
47113,-88.83846098,35.60814061
69110,145.7773793,15.19924818
1111,-85.45906172,33.29378843
37009,-81.50047955,36.43443039
8033,-108.5172403,37.75161591
39089,-82.48309264,40.09160408
5139,-92.59729768,33.17136303
17071,-90.92511867,40.81812633
1101,-86.20759162,32.22023748
8005,-104.3391755,39.64976187
21155,-85.26960712,37.55250024
53057,-121.8015681,48.48207943
28067,-89.16879644,31.62254375
55021,-89.33373549,43.46662007
37019,-78.22741022,34.03887312
27029,-95.37902351,47.57763988
51131,-75.92853778,37.3008004
20163,-99.32506055,39.35024707
18041,-85.17874399,39.64003887
31079,-98.50217545,40.87255414
31081,-98.02286167,40.87304006
31115,-99.45442408,41.91383672
30091,-104.5046521,48.72099688
31063,-100.3941887,40.53008851
72089,-65.71209277,18.36866655
1007,-87.12642442,32.99863815
28075,-88.66254291,32.40429266
27011,-96.41089183,45.42606728
27013,-94.0669624,44.03454866
51091,-79.56852471,38.36233021
51177,-77.65602516,38.18491838
33017,-71.02883407,43.29697794
13153,-83.66626209,32.45904629
26041,-86.8705838,45.79162708
5131,-94.27411075,35.19970531
6087,-122.0098455,37.02161484
13191,-81.37557017,31.48382027
13207,-83.91863303,33.01386713
29069,-90.09086959,36.27211329
48483,-100.2696438,35.40127526
13117,-84.12494587,34.22554284
48409,-97.51817984,28.00881517
28147,-90.10615113,31.14843459
29137,-92.00075327,39.49543059
26073,-84.84679155,43.64059806
48341,-101.8929241,35.83769483
45017,-80.78044364,33.67490172
56035,-109.9147232,42.76688848
21069,-83.6966212,38.37018954
55019,-90.6120887,44.73471888
45091,-81.1843747,34.97476035
18001,-84.9366766,40.74566241
22005,-90.91129932,30.20356999
42119,-77.0622768,40.96296638
51041,-77.58694868,37.37854871
22001,-92.41197989,30.29053884
42039,-80.10628223,41.68469873
46123,-99.88400103,43.34586713
19077,-94.50105564,41.68374107
19183,-91.71788546,41.33557615
46111,-98.0913773,44.02345633
40051,-97.88410411,35.01695694
54039,-81.5280687,38.33657103
55109,-92.45274092,45.034056
42121,-79.75795319,41.40097108
39153,-81.53215836,41.12602166
13127,-81.49374625,31.21329118
48479,-99.33156884,27.76104781
37123,-79.90546571,35.33246289
23003,-68.59888362,46.65881102
28065,-89.8229919,31.56963475
18175,-86.10528713,38.60002089
48031,-98.3998635,30.26637122
51025,-77.85904254,36.76475487
47045,-89.41375211,36.0590501
47053,-88.93260051,35.99655968
51149,-77.22414808,37.18652761
5075,-91.10708591,36.04123566
38027,-98.90162009,47.71759623
53053,-122.1372268,47.03762205
16063,-114.1381982,43.00238037
42071,-76.24766732,40.0424116
55057,-90.11378352,43.92461059
47151,-84.50355777,36.42853038
46031,-101.196868,45.70859319
46053,-99.18566451,43.19237807
37181,-78.40793989,36.36498935
21033,-87.86795281,37.14539581
45011,-81.43500225,33.26607398
47039,-88.10876859,35.60302665
18009,-85.32480413,40.4735895
1055,-86.03472724,34.04524304
16025,-114.805771,43.46334531
20155,-98.08600127,37.95294624
47119,-87.07697721,35.61690933
56015,-104.3532604,42.08794383
55107,-91.13309805,45.47514052
55133,-88.30449979,43.01820295
21079,-84.5377965,37.63959109
25021,-71.18375438,42.17095985
18063,-86.51001469,39.76951839
17077,-89.38209334,37.7851433
45043,-79.29932927,33.41273525
38041,-102.4603588,46.4325011
49019,-109.5698391,38.98194142
49045,-113.1310844,40.44874738
51650,-76.29529608,37.04881937
55011,-91.75447602,44.37983253
51069,-78.26260912,39.2045729
54041,-80.50218391,38.99592244
27119,-96.40177125,47.77384897
27127,-95.25379787,44.40367707
47047,-89.41437418,35.19707079
60040,-171.0749252,-11.05438693
22089,-90.35821472,29.90553909
5111,-90.66290601,35.57403777
12045,-85.26099031,29.90863773
47063,-83.26669599,36.21708297
1021,-86.71880496,32.84784855
48351,-93.7447423,30.78628838
48219,-102.343201,33.60763788
13009,-83.24955475,33.06926724
37175,-82.79820086,35.20209224
37171,-80.68806732,36.41479477
1031,-85.98821547,31.40262634
39149,-84.2047519,40.33153119
16027,-116.7092947,43.62512608
30019,-105.5486049,48.78378323
12073,-84.27789851,30.45803384
40119,-96.97578993,36.07733642
1039,-86.45126082,31.24847025
18093,-86.48343164,38.84118211
20069,-100.4378614,37.73819659
21045,-84.92837107,37.32230982
21169,-85.62923997,36.99053963
21207,-85.0586581,36.99107615
22011,-93.34334334,30.64846191
23025,-69.95879873,45.51383312
40025,-102.5177364,36.74830915
21163,-86.21720864,37.96982895
21179,-85.46611795,37.80514428
21187,-84.82806192,38.5196103
29155,-89.78538048,36.21146811
31125,-97.99223608,41.39731556
55078,-88.71001751,45.00436791
48365,-94.30562676,32.16236111
21011,-83.7426846,38.1449682
48001,-95.65262443,31.81335134
51033,-77.34701956,38.02669283
19167,-96.17784312,43.08259778
6021,-122.3922138,39.59838777
29510,-90.24518183,38.63581661
13111,-84.31989425,34.86410209
46051,-96.76768665,45.17193059
46091,-97.59849649,45.75866098
53067,-122.832316,46.92962927
31107,-97.89188338,42.63678476
35061,-106.809079,34.7154555
30079,-105.3779892,46.86051233
19005,-91.37810118,43.28427357
48061,-97.45289994,26.1514673
48339,-95.50301465,30.30020668
8071,-104.0387088,37.31583595
48299,-98.68412325,30.70573357
48319,-99.22614053,30.71771767
37043,-83.75016149,35.05715999
36071,-74.3055715,41.40214371
36093,-74.05857191,42.81813316
54059,-82.13475298,37.72642697
20197,-96.20501408,38.9532902
27055,-91.49283433,43.67143253
21181,-84.0152747,38.33562437
25023,-70.73706299,41.98742408
36005,-73.85306631,40.84923694
37055,-75.68523838,35.66496212
39103,-81.89971217,41.11757625
42005,-79.46453847,40.8122674
34001,-74.63369316,39.46888118
55071,-87.51237412,44.11068759
55029,-87.02895452,45.03262377
37047,-78.65507102,34.26563953
39053,-82.31688305,38.82467445
48441,-99.89012025,32.30146021
39031,-81.92001686,40.30161452
31135,-101.6496214,40.85093027
48205,-102.6028506,35.84001734
8049,-106.1183507,40.10262363
48249,-98.08986769,27.73136336
19189,-93.73418701,43.37756642
6079,-120.4521815,35.38743275
1067,-85.24141161,31.51472599
39175,-83.30435542,40.84237693
48505,-99.16861265,27.00080042
13177,-84.1411514,31.7795307
21019,-82.68778009,38.35956794
27019,-93.80258281,44.8207703
31037,-97.0864664,41.57402708
45025,-80.15871717,34.63975693
47101,-87.49301198,35.52727534
41067,-123.098336,45.5601044
51810,-76.01632836,36.77777994
30057,-111.9202579,45.30067995
51103,-76.42021804,37.70171868
29013,-94.33998422,38.25727858
33001,-71.42269685,43.51796762
51159,-76.72963696,37.93704447
2230,-135.3366607,59.55998675
2105,-135.5597925,58.20930537
53021,-118.8988271,46.53472988
19093,-95.51349603,42.38688248
20173,-97.46096709,37.6847523
48453,-97.78195304,30.33470489
12057,-82.34692815,27.90622867
34021,-74.7016656,40.2834302
31023,-97.13176877,41.22607834
42129,-79.46698921,40.31074789
12015,-81.95030394,26.89985064
19029,-94.92783357,41.33149821
39107,-84.62934994,40.5400038
60030,-168.1634542,-14.54161463
21115,-82.83162301,37.84663225
44003,-71.57900584,41.67334594
50025,-72.71382838,42.99057803
50019,-72.24378939,44.8288277
20085,-95.79365615,39.41680889
22041,-91.67377238,32.13314522
28155,-89.28481945,33.61305937
25011,-72.59183051,42.58313582
31031,-101.1185775,42.54492773
30001,-112.8988092,45.13270698
29143,-89.65181803,36.59468384
5057,-93.66845777,33.73525084
29029,-92.7660215,38.02698541
51117,-78.36274616,36.68035693
21233,-87.68328192,37.51834937
40047,-97.78270534,36.37905889
53059,-121.9147942,46.02300249
26091,-84.06637409,41.8950755
13123,-84.45565001,34.69116358
27135,-95.8108219,48.77512762
28089,-90.03375433,32.63469959
48227,-101.435499,32.30616948
54099,-82.42696391,38.14595725
